,ed,age_cat_cm,employ_cat_cm,address_cat_cm,income_ratio_cat_cm,debtinc_cat_cm,creddebt_ratio_cat_cm,othdebt_ratio_cat_cm
286,-0.7813510810764571,-1.0722436281760903,0.43517426169545764,-0.09640252390259355,-0.26991161852313406,-0.9201594355184036,0.46300551421417235,-1.0381253433192241
146,2.385406085960437,-1.0722436281760903,-1.5559532564394192,-0.9785765633885907,-0.26991161852313406,0.2241414009596111,-1.133376057306256,-0.1670340085271416
214,-0.7813510810764571,-0.35593762312732474,1.4307380207628961,-0.9785765633885907,1.3871407230429422,0.2241414009596111,0.9951327047209818,1.5751486610570236
528,0.2742346412691743,1.0766743869702062,1.4307380207628961,0.7857715155834036,2.2156668938259805,-0.9201594355184036,0.9951327047209818,1.5751486610570236
165,0.2742346412691743,1.0766743869702062,0.43517426169545764,0.7857715155834036,1.3871407230429422,1.3684422374376257,0.9951327047209818,1.5751486610570236
690,0.2742346412691743,-1.0722436281760903,-1.5559532564394192,-0.9785765633885907,-1.098437789306172,-0.9201594355184036,-1.133376057306256,-1.0381253433192241
80,-0.7813510810764571,-1.0722436281760903,-0.5603894973719808,-0.9785765633885907,-0.26991161852313406,0.2241414009596111,0.9951327047209818,-1.0381253433192241
310,-0.7813510810764571,1.0766743869702062,1.4307380207628961,0.7857715155834036,1.3871407230429422,2.5127430739156407,0.9951327047209818,1.5751486610570236
304,1.3298203636148058,-1.0722436281760903,-0.5603894973719808,-0.9785765633885907,1.3871407230429422,-0.9201594355184036,0.9951327047209818,-0.1670340085271416
429,-0.7813510810764571,1.0766743869702062,1.4307380207628961,-0.9785765633885907,1.3871407230429422,1.3684422374376257,0.9951327047209818,1.5751486610570236
195,-0.7813510810764571,-1.0722436281760903,-0.5603894973719808,-0.9785765633885907,-0.26991161852313406,-0.9201594355184036,-1.133376057306256,-1.0381253433192241
3,-0.7813510810764571,1.0766743869702062,1.4307380207628961,0.7857715155834036,2.2156668938259805,-0.9201594355184036,0.9951327047209818,-1.0381253433192241
687,-0.7813510810764571,-0.35593762312732474,0.43517426169545764,-0.9785765633885907,-0.26991161852313406,0.2241414009596111,0.9951327047209818,-1.0381253433192241
9,-0.7813510810764571,0.3603683819214408,-1.5559532564394192,0.7857715155834036,-0.26991161852313406,1.3684422374376257,0.9951327047209818,-0.1670340085271416
435,0.2742346412691743,-1.0722436281760903,-1.5559532564394192,-0.9785765633885907,-0.26991161852313406,-0.9201594355184036,0.46300551421417235,-0.1670340085271416
400,0.2742346412691743,-1.0722436281760903,-1.5559532564394192,-0.9785765633885907,-1.098437789306172,0.2241414009596111,-1.133376057306256,-0.1670340085271416
350,0.2742346412691743,1.0766743869702062,0.43517426169545764,1.6679455550694007,-0.26991161852313406,-0.9201594355184036,-1.133376057306256,-1.0381253433192241
600,1.3298203636148058,1.0766743869702062,-0.5603894973719808,1.6679455550694007,1.3871407230429422,-0.9201594355184036,0.9951327047209818,-0.1670340085271416
179,0.2742346412691743,-0.35593762312732474,-0.5603894973719808,0.7857715155834036,-0.26991161852313406,1.3684422374376257,0.9951327047209818,1.5751486610570236
395,-0.7813510810764571,-0.35593762312732474,-0.5603894973719808,-0.9785765633885907,-0.26991161852313406,0.2241414009596111,-1.133376057306256,1.5751486610570236
349,0.2742346412691743,1.0766743869702062,-0.5603894973719808,-0.9785765633885907,-0.26991161852313406,-0.9201594355184036,-1.133376057306256,-1.0381253433192241
365,0.2742346412691743,-0.35593762312732474,-0.5603894973719808,0.7857715155834036,-0.26991161852313406,-0.9201594355184036,-1.133376057306256,-1.0381253433192241
657,-0.7813510810764571,-0.35593762312732474,1.4307380207628961,0.7857715155834036,1.3871407230429422,0.2241414009596111,0.9951327047209818,1.5751486610570236
415,0.2742346412691743,-1.0722436281760903,0.43517426169545764,-0.9785765633885907,1.3871407230429422,-0.9201594355184036,-1.133376057306256,-0.1670340085271416
402,0.2742346412691743,-1.0722436281760903,-0.5603894973719808,-0.9785765633885907,-0.26991161852313406,0.2241414009596111,0.9951327047209818,-0.1670340085271416
646,-0.7813510810764571,-1.0722436281760903,0.43517426169545764,-0.09640252390259355,-0.26991161852313406,-0.9201594355184036,-1.133376057306256,-0.1670340085271416
242,0.2742346412691743,-0.35593762312732474,0.43517426169545764,0.7857715155834036,-0.26991161852313406,-0.9201594355184036,-1.133376057306256,-1.0381253433192241
197,2.385406085960437,-0.35593762312732474,0.43517426169545764,0.7857715155834036,-0.26991161852313406,-0.9201594355184036,-1.133376057306256,-1.0381253433192241
40,-0.7813510810764571,-1.0722436281760903,0.43517426169545764,-0.9785765633885907,-0.26991161852313406,-0.9201594355184036,-1.133376057306256,-0.1670340085271416
368,-0.7813510810764571,0.3603683819214408,1.4307380207628961,-0.09640252390259355,1.3871407230429422,0.2241414009596111,0.9951327047209818,-0.1670340085271416
547,2.385406085960437,-0.35593762312732474,0.43517426169545764,1.6679455550694007,2.2156668938259805,1.3684422374376257,0.9951327047209818,1.5751486610570236
378,-0.7813510810764571,-1.0722436281760903,1.4307380207628961,-0.9785765633885907,1.3871407230429422,-0.9201594355184036,-0.06912167629263709,-0.1670340085271416
5,0.2742346412691743,1.0766743869702062,-0.5603894973719808,-0.9785765633885907,-0.26991161852313406,0.2241414009596111,-1.133376057306256,-0.1670340085271416
688,-0.7813510810764571,-0.35593762312732474,0.43517426169545764,0.7857715155834036,1.3871407230429422,0.2241414009596111,0.9951327047209818,1.5751486610570236
364,-0.7813510810764571,1.0766743869702062,-1.5559532564394192,1.6679455550694007,-1.098437789306172,0.2241414009596111,0.9951327047209818,-1.0381253433192241
375,-0.7813510810764571,-1.0722436281760903,-1.5559532564394192,-0.9785765633885907,-1.098437789306172,-0.9201594355184036,-1.133376057306256,-1.0381253433192241
439,0.2742346412691743,1.0766743869702062,1.4307380207628961,0.7857715155834036,1.3871407230429422,-0.9201594355184036,-0.6012488667994466,-1.0381253433192241
38,-0.7813510810764571,-1.0722436281760903,-1.5559532564394192,-0.09640252390259355,-1.098437789306172,1.3684422374376257,0.9951327047209818,-0.1670340085271416
299,-0.7813510810764571,1.0766743869702062,1.4307380207628961,-0.9785765633885907,1.3871407230429422,-0.9201594355184036,-1.133376057306256,-1.0381253433192241
597,0.2742346412691743,-0.35593762312732474,-0.5603894973719808,-0.9785765633885907,-0.26991161852313406,1.3684422374376257,0.9951327047209818,-0.1670340085271416
277,-0.7813510810764571,-0.35593762312732474,1.4307380207628961,-0.9785765633885907,-0.26991161852313406,-0.9201594355184036,-1.133376057306256,-1.0381253433192241
371,-0.7813510810764571,-1.0722436281760903,0.43517426169545764,-0.9785765633885907,-0.26991161852313406,0.2241414009596111,-0.6012488667994466,-0.1670340085271416
559,1.3298203636148058,1.0766743869702062,1.4307380207628961,1.6679455550694007,1.3871407230429422,0.2241414009596111,0.9951327047209818,-0.1670340085271416
162,0.2742346412691743,-1.0722436281760903,-0.5603894973719808,-0.9785765633885907,-0.26991161852313406,-0.9201594355184036,-1.133376057306256,-0.1670340085271416
67,-0.7813510810764571,1.0766743869702062,1.4307380207628961,-0.09640252390259355,-0.26991161852313406,0.2241414009596111,0.9951327047209818,-0.1670340085271416
124,-0.7813510810764571,-1.0722436281760903,-0.5603894973719808,-0.09640252390259355,-1.098437789306172,-0.9201594355184036,-1.133376057306256,-1.0381253433192241
39,-0.7813510810764571,1.0766743869702062,1.4307380207628961,-0.9785765633885907,0.5586145522599041,-0.9201594355184036,-1.133376057306256,-0.1670340085271416
4,0.2742346412691743,-1.0722436281760903,-0.5603894973719808,-0.9785765633885907,-0.26991161852313406,1.3684422374376257,0.9951327047209818,-0.1670340085271416
33,-0.7813510810764571,-1.0722436281760903,0.43517426169545764,-0.9785765633885907,-0.26991161852313406,0.2241414009596111,0.9951327047209818,-0.1670340085271416
436,-0.7813510810764571,-1.0722436281760903,-1.5559532564394192,-0.9785765633885907,-1.098437789306172,-0.9201594355184036,-1.133376057306256,-1.0381253433192241
99,1.3298203636148058,1.0766743869702062,-0.5603894973719808,-0.09640252390259355,-0.26991161852313406,0.2241414009596111,0.9951327047209818,-0.1670340085271416
510,0.2742346412691743,-1.0722436281760903,-0.5603894973719808,-0.9785765633885907,-1.098437789306172,1.3684422374376257,0.9951327047209818,-0.1670340085271416
236,0.2742346412691743,-0.35593762312732474,-0.5603894973719808,-0.9785765633885907,-0.26991161852313406,0.2241414009596111,-1.133376057306256,-0.1670340085271416
314,2.385406085960437,-1.0722436281760903,-1.5559532564394192,-0.09640252390259355,-0.26991161852313406,0.2241414009596111,0.9951327047209818,-0.1670340085271416
495,0.2742346412691743,1.0766743869702062,-0.5603894973719808,-0.09640252390259355,-0.26991161852313406,-0.9201594355184036,0.9951327047209818,-1.0381253433192241
289,-0.7813510810764571,-1.0722436281760903,0.43517426169545764,-0.9785765633885907,-0.26991161852313406,-0.9201594355184036,-0.6012488667994466,-0.1670340085271416
339,-0.7813510810764571,-1.0722436281760903,-0.5603894973719808,-0.9785765633885907,-0.26991161852313406,0.2241414009596111,-1.133376057306256,0.704057326264941
414,0.2742346412691743,-1.0722436281760903,-1.5559532564394192,-0.09640252390259355,-0.26991161852313406,1.3684422374376257,0.9951327047209818,1.5751486610570236
186,-0.7813510810764571,1.0766743869702062,1.4307380207628961,1.6679455550694007,-0.26991161852313406,1.3684422374376257,0.9951327047209818,0.704057326264941
382,0.2742346412691743,1.0766743869702062,-0.5603894973719808,0.7857715155834036,-0.26991161852313406,1.3684422374376257,0.9951327047209818,-0.1670340085271416
631,1.3298203636148058,1.0766743869702062,1.4307380207628961,1.6679455550694007,1.3871407230429422,0.2241414009596111,0.9951327047209818,1.5751486610570236
260,-0.7813510810764571,1.0766743869702062,1.4307380207628961,-0.9785765633885907,-0.26991161852313406,1.3684422374376257,0.9951327047209818,1.5751486610570236
549,1.3298203636148058,1.0766743869702062,0.43517426169545764,0.7857715155834036,-0.26991161852313406,2.5127430739156407,0.9951327047209818,1.5751486610570236
460,-0.7813510810764571,1.0766743869702062,0.43517426169545764,-0.9785765633885907,-1.098437789306172,-0.9201594355184036,-1.133376057306256,-1.0381253433192241
200,-0.7813510810764571,-1.0722436281760903,-0.5603894973719808,-0.09640252390259355,-1.098437789306172,-0.9201594355184036,-1.133376057306256,-1.0381253433192241
666,0.2742346412691743,1.0766743869702062,1.4307380207628961,0.7857715155834036,2.2156668938259805,0.2241414009596111,0.9951327047209818,1.5751486610570236
78,-0.7813510810764571,-0.35593762312732474,1.4307380207628961,-0.9785765633885907,-0.26991161852313406,-0.9201594355184036,-1.133376057306256,-1.0381253433192241
509,-0.7813510810764571,1.0766743869702062,1.4307380207628961,0.7857715155834036,1.3871407230429422,-0.9201594355184036,-0.06912167629263709,1.5751486610570236
42,0.2742346412691743,1.0766743869702062,0.43517426169545764,1.6679455550694007,-0.26991161852313406,-0.9201594355184036,0.46300551421417235,-1.0381253433192241
133,-0.7813510810764571,1.0766743869702062,1.4307380207628961,1.6679455550694007,1.3871407230429422,0.2241414009596111,0.9951327047209818,1.5751486610570236
488,0.2742346412691743,-0.35593762312732474,-1.5559532564394192,1.6679455550694007,-1.098437789306172,1.3684422374376257,0.9951327047209818,-0.1670340085271416
568,1.3298203636148058,-1.0722436281760903,-0.5603894973719808,-0.9785765633885907,-0.26991161852313406,1.3684422374376257,0.9951327047209818,1.5751486610570236
250,0.2742346412691743,1.0766743869702062,1.4307380207628961,1.6679455550694007,2.2156668938259805,0.2241414009596111,0.9951327047209818,1.5751486610570236
639,-0.7813510810764571,0.3603683819214408,0.43517426169545764,1.6679455550694007,-0.26991161852313406,0.2241414009596111,0.9951327047209818,-0.1670340085271416
434,0.2742346412691743,-0.35593762312732474,0.43517426169545764,1.6679455550694007,1.3871407230429422,1.3684422374376257,0.9951327047209818,1.5751486610570236
379,-0.7813510810764571,-1.0722436281760903,0.43517426169545764,-0.09640252390259355,-1.098437789306172,-0.9201594355184036,-1.133376057306256,-1.0381253433192241
192,-0.7813510810764571,0.3603683819214408,0.43517426169545764,-0.9785765633885907,-0.26991161852313406,0.2241414009596111,-0.06912167629263709,-0.1670340085271416
445,-0.7813510810764571,1.7929803920189717,0.43517426169545764,1.6679455550694007,1.3871407230429422,1.3684422374376257,0.9951327047209818,1.5751486610570236
355,1.3298203636148058,1.0766743869702062,0.43517426169545764,-0.09640252390259355,1.3871407230429422,0.2241414009596111,-1.133376057306256,1.5751486610570236
335,-0.7813510810764571,-0.35593762312732474,0.43517426169545764,-0.9785765633885907,1.3871407230429422,-0.9201594355184036,-1.133376057306256,-0.1670340085271416
524,-0.7813510810764571,-1.0722436281760903,-0.5603894973719808,-0.9785765633885907,-1.098437789306172,-0.9201594355184036,-1.133376057306256,-1.0381253433192241
388,-0.7813510810764571,-1.0722436281760903,0.43517426169545764,0.7857715155834036,-1.098437789306172,-0.9201594355184036,-1.133376057306256,-1.0381253433192241
438,0.2742346412691743,-0.35593762312732474,0.43517426169545764,-0.9785765633885907,-0.26991161852313406,-0.9201594355184036,0.46300551421417235,-1.0381253433192241
157,-0.7813510810764571,1.7929803920189717,0.43517426169545764,-0.9785765633885907,-0.26991161852313406,1.3684422374376257,0.9951327047209818,-0.1670340085271416
679,-0.7813510810764571,-0.35593762312732474,1.4307380207628961,-0.9785765633885907,-0.26991161852313406,-0.9201594355184036,-1.133376057306256,-1.0381253433192241
449,-0.7813510810764571,-1.0722436281760903,-0.5603894973719808,-0.9785765633885907,-1.098437789306172,1.3684422374376257,0.9951327047209818,-0.1670340085271416
672,-0.7813510810764571,-0.35593762312732474,-0.5603894973719808,-0.9785765633885907,-0.26991161852313406,-0.9201594355184036,-1.133376057306256,-1.0381253433192241
526,-0.7813510810764571,1.0766743869702062,0.43517426169545764,-0.09640252390259355,1.3871407230429422,-0.9201594355184036,-1.133376057306256,1.5751486610570236
102,-0.7813510810764571,-0.35593762312732474,0.43517426169545764,-0.09640252390259355,-0.26991161852313406,-0.9201594355184036,-0.06912167629263709,-1.0381253433192241
52,-0.7813510810764571,1.0766743869702062,1.4307380207628961,1.6679455550694007,1.3871407230429422,0.2241414009596111,0.9951327047209818,0.704057326264941
467,0.2742346412691743,-1.0722436281760903,-0.5603894973719808,-0.9785765633885907,-0.26991161852313406,-0.9201594355184036,-1.133376057306256,-1.0381253433192241
554,-0.7813510810764571,1.0766743869702062,1.4307380207628961,1.6679455550694007,-0.26991161852313406,-0.9201594355184036,0.46300551421417235,-0.1670340085271416
346,0.2742346412691743,-1.0722436281760903,-0.5603894973719808,-0.9785765633885907,-1.098437789306172,-0.9201594355184036,-1.133376057306256,-1.0381253433192241
97,-0.7813510810764571,1.0766743869702062,1.4307380207628961,-0.09640252390259355,1.3871407230429422,-0.9201594355184036,0.46300551421417235,-0.1670340085271416
385,-0.7813510810764571,1.0766743869702062,-0.5603894973719808,0.7857715155834036,-0.26991161852313406,1.3684422374376257,0.9951327047209818,1.5751486610570236
128,-0.7813510810764571,-1.0722436281760903,-0.5603894973719808,-0.9785765633885907,-0.26991161852313406,0.2241414009596111,-1.133376057306256,-0.1670340085271416
177,0.2742346412691743,-1.0722436281760903,0.43517426169545764,-0.9785765633885907,-0.26991161852313406,-0.9201594355184036,-1.133376057306256,-0.1670340085271416
110,1.3298203636148058,1.0766743869702062,-0.5603894973719808,-0.9785765633885907,-0.26991161852313406,-0.9201594355184036,-1.133376057306256,-0.1670340085271416
522,-0.7813510810764571,-1.0722436281760903,-0.5603894973719808,-0.09640252390259355,-1.098437789306172,-0.9201594355184036,-1.133376057306256,-1.0381253433192241
437,1.3298203636148058,1.0766743869702062,1.4307380207628961,0.7857715155834036,2.2156668938259805,-0.9201594355184036,0.9951327047209818,1.5751486610570236
440,-0.7813510810764571,1.0766743869702062,1.4307380207628961,-0.9785765633885907,1.3871407230429422,0.2241414009596111,0.9951327047209818,1.5751486610570236
500,1.3298203636148058,-1.0722436281760903,-1.5559532564394192,-0.9785765633885907,-1.098437789306172,-0.9201594355184036,-1.133376057306256,-1.0381253433192241
142,1.3298203636148058,1.0766743869702062,1.4307380207628961,1.6679455550694007,2.2156668938259805,-0.9201594355184036,0.9951327047209818,1.5751486610570236
680,-0.7813510810764571,-1.0722436281760903,0.43517426169545764,-0.9785765633885907,-0.26991161852313406,2.5127430739156407,0.9951327047209818,1.5751486610570236
6,-0.7813510810764571,1.0766743869702062,1.4307380207628961,-0.09640252390259355,-0.26991161852313406,2.5127430739156407,0.9951327047209818,1.5751486610570236
267,1.3298203636148058,-1.0722436281760903,0.43517426169545764,-0.09640252390259355,1.3871407230429422,0.2241414009596111,0.9951327047209818,1.5751486610570236
541,-0.7813510810764571,-1.0722436281760903,0.43517426169545764,-0.9785765633885907,-0.26991161852313406,-0.9201594355184036,-1.133376057306256,-0.1670340085271416
237,0.2742346412691743,-0.35593762312732474,-0.5603894973719808,0.7857715155834036,-1.098437789306172,0.2241414009596111,-1.133376057306256,-1.0381253433192241
417,-0.7813510810764571,1.0766743869702062,-0.5603894973719808,-0.9785765633885907,-0.26991161852313406,-0.9201594355184036,-1.133376057306256,-1.0381253433192241
58,1.3298203636148058,1.0766743869702062,1.4307380207628961,-0.09640252390259355,1.3871407230429422,-0.9201594355184036,0.9951327047209818,-1.0381253433192241
232,0.2742346412691743,1.0766743869702062,0.43517426169545764,1.6679455550694007,-0.26991161852313406,-0.9201594355184036,-1.133376057306256,-1.0381253433192241
638,0.2742346412691743,1.0766743869702062,-0.5603894973719808,-0.9785765633885907,-1.098437789306172,-0.9201594355184036,-1.133376057306256,-1.0381253433192241
587,-0.7813510810764571,1.0766743869702062,1.4307380207628961,-0.9785765633885907,1.3871407230429422,1.3684422374376257,0.9951327047209818,1.5751486610570236
203,0.2742346412691743,0.3603683819214408,-1.5559532564394192,1.6679455550694007,-0.26991161852313406,0.2241414009596111,-1.133376057306256,-0.1670340085271416
472,-0.7813510810764571,1.0766743869702062,0.43517426169545764,-0.9785765633885907,-0.26991161852313406,0.2241414009596111,-1.133376057306256,-0.1670340085271416
284,-0.7813510810764571,-1.0722436281760903,0.43517426169545764,-0.9785765633885907,-0.26991161852313406,0.2241414009596111,0.9951327047209818,-0.1670340085271416
537,0.2742346412691743,-0.35593762312732474,-0.5603894973719808,-0.9785765633885907,-0.26991161852313406,1.3684422374376257,0.9951327047209818,1.5751486610570236
2,-0.7813510810764571,1.0766743869702062,1.4307380207628961,-0.09640252390259355,-0.26991161852313406,-0.9201594355184036,0.46300551421417235,-0.1670340085271416
686,1.3298203636148058,-0.35593762312732474,-1.5559532564394192,-0.9785765633885907,-1.098437789306172,0.2241414009596111,0.46300551421417235,-1.0381253433192241
217,0.2742346412691743,1.0766743869702062,1.4307380207628961,1.6679455550694007,2.2156668938259805,0.2241414009596111,0.9951327047209818,1.5751486610570236
46,-0.7813510810764571,-0.35593762312732474,0.43517426169545764,0.7857715155834036,-0.26991161852313406,-0.9201594355184036,-1.133376057306256,-1.0381253433192241
671,-0.7813510810764571,-1.0722436281760903,-1.5559532564394192,-0.09640252390259355,-1.098437789306172,0.2241414009596111,-1.133376057306256,-0.1670340085271416
225,-0.7813510810764571,-1.0722436281760903,-0.5603894973719808,-0.9785765633885907,-1.098437789306172,0.2241414009596111,-1.133376057306256,-1.0381253433192241
18,-0.7813510810764571,1.0766743869702062,-0.5603894973719808,-0.09640252390259355,1.3871407230429422,-0.9201594355184036,-1.133376057306256,-0.1670340085271416
168,2.385406085960437,1.0766743869702062,1.4307380207628961,-0.9785765633885907,-0.26991161852313406,-0.9201594355184036,-1.133376057306256,-1.0381253433192241
682,2.385406085960437,0.3603683819214408,-1.5559532564394192,1.6679455550694007,-0.26991161852313406,0.2241414009596111,-1.133376057306256,-0.1670340085271416
292,0.2742346412691743,1.0766743869702062,1.4307380207628961,1.6679455550694007,2.2156668938259805,-0.9201594355184036,0.9951327047209818,-0.1670340085271416
507,-0.7813510810764571,-1.0722436281760903,0.43517426169545764,-0.9785765633885907,-1.098437789306172,-0.9201594355184036,-1.133376057306256,-1.0381253433192241
693,1.3298203636148058,-1.0722436281760903,-1.5559532564394192,-0.9785765633885907,-1.098437789306172,-0.9201594355184036,-1.133376057306256,-1.0381253433192241
527,-0.7813510810764571,1.0766743869702062,-0.5603894973719808,0.7857715155834036,-1.098437789306172,0.2241414009596111,-0.6012488667994466,-0.1670340085271416
328,-0.7813510810764571,-1.0722436281760903,-1.5559532564394192,-0.09640252390259355,-0.26991161852313406,0.2241414009596111,-1.133376057306256,-0.1670340085271416
283,0.2742346412691743,-1.0722436281760903,-1.5559532564394192,-0.09640252390259355,-0.26991161852313406,0.2241414009596111,-1.133376057306256,-0.1670340085271416
648,-0.7813510810764571,1.0766743869702062,0.43517426169545764,1.6679455550694007,-0.26991161852313406,-0.9201594355184036,-1.133376057306256,-1.0381253433192241
538,0.2742346412691743,1.0766743869702062,1.4307380207628961,1.6679455550694007,1.3871407230429422,0.2241414009596111,0.9951327047209818,1.5751486610570236
523,-0.7813510810764571,1.0766743869702062,1.4307380207628961,1.6679455550694007,1.3871407230429422,-0.9201594355184036,0.9951327047209818,-1.0381253433192241
372,-0.7813510810764571,1.0766743869702062,0.43517426169545764,0.7857715155834036,-0.26991161852313406,-0.9201594355184036,-0.6012488667994466,-1.0381253433192241
93,0.2742346412691743,-0.35593762312732474,-1.5559532564394192,-0.09640252390259355,-1.098437789306172,-0.9201594355184036,-1.133376057306256,-1.0381253433192241
213,1.3298203636148058,-0.35593762312732474,-0.5603894973719808,-0.9785765633885907,-0.26991161852313406,-0.9201594355184036,-1.133376057306256,-0.1670340085271416
258,1.3298203636148058,1.0766743869702062,1.4307380207628961,1.6679455550694007,1.3871407230429422,-0.9201594355184036,0.9951327047209818,-1.0381253433192241
337,-0.7813510810764571,1.0766743869702062,1.4307380207628961,0.7857715155834036,-0.26991161852313406,0.2241414009596111,-0.06912167629263709,-0.1670340085271416
291,-0.7813510810764571,-0.35593762312732474,0.43517426169545764,-0.09640252390259355,-0.26991161852313406,-0.9201594355184036,-1.133376057306256,-1.0381253433192241
422,-0.7813510810764571,1.0766743869702062,-0.5603894973719808,-0.09640252390259355,-1.098437789306172,-0.9201594355184036,-0.6012488667994466,-1.0381253433192241
106,-0.7813510810764571,1.7929803920189717,0.43517426169545764,1.6679455550694007,0.5586145522599041,0.2241414009596111,0.9951327047209818,0.704057326264941
115,0.2742346412691743,-1.0722436281760903,-0.5603894973719808,-0.09640252390259355,-0.26991161852313406,-0.9201594355184036,-1.133376057306256,-1.0381253433192241
670,0.2742346412691743,-1.0722436281760903,-0.5603894973719808,-0.9785765633885907,-1.098437789306172,-0.9201594355184036,-1.133376057306256,-1.0381253433192241
695,0.2742346412691743,0.3603683819214408,-0.5603894973719808,0.7857715155834036,-0.26991161852313406,-0.9201594355184036,-1.133376057306256,-1.0381253433192241
404,-0.7813510810764571,-0.35593762312732474,1.4307380207628961,0.7857715155834036,-0.26991161852313406,1.3684422374376257,0.9951327047209818,-0.1670340085271416
36,0.2742346412691743,-1.0722436281760903,0.43517426169545764,-0.9785765633885907,-1.098437789306172,1.3684422374376257,0.9951327047209818,-0.1670340085271416
453,-0.7813510810764571,1.0766743869702062,-1.5559532564394192,-0.09640252390259355,-0.26991161852313406,0.2241414009596111,0.9951327047209818,-0.1670340085271416
392,-0.7813510810764571,-0.35593762312732474,-0.5603894973719808,0.7857715155834036,-0.26991161852313406,-0.9201594355184036,-1.133376057306256,-1.0381253433192241
204,1.3298203636148058,-1.0722436281760903,0.43517426169545764,-0.9785765633885907,1.3871407230429422,-0.9201594355184036,-1.133376057306256,-0.1670340085271416
244,1.3298203636148058,-1.0722436281760903,-0.5603894973719808,-0.9785765633885907,-0.26991161852313406,0.2241414009596111,0.9951327047209818,-0.1670340085271416
221,1.3298203636148058,1.0766743869702062,-1.5559532564394192,1.6679455550694007,-1.098437789306172,0.2241414009596111,0.46300551421417235,-1.0381253433192241
246,-0.7813510810764571,1.0766743869702062,1.4307380207628961,1.6679455550694007,-0.26991161852313406,-0.9201594355184036,-1.133376057306256,-1.0381253433192241
432,-0.7813510810764571,1.0766743869702062,0.43517426169545764,-0.9785765633885907,1.3871407230429422,-0.9201594355184036,-0.06912167629263709,-0.1670340085271416
464,-0.7813510810764571,1.0766743869702062,-1.5559532564394192,1.6679455550694007,-0.26991161852313406,1.3684422374376257,0.9951327047209818,1.5751486610570236
506,-0.7813510810764571,1.7929803920189717,1.4307380207628961,1.6679455550694007,-0.26991161852313406,-0.9201594355184036,-1.133376057306256,0.704057326264941
351,-0.7813510810764571,-1.0722436281760903,-1.5559532564394192,-0.9785765633885907,-0.26991161852313406,1.3684422374376257,-0.06912167629263709,-0.1670340085271416
249,0.2742346412691743,-0.35593762312732474,0.43517426169545764,1.6679455550694007,1.3871407230429422,0.2241414009596111,0.9951327047209818,1.5751486610570236
122,2.385406085960437,-0.35593762312732474,-0.5603894973719808,-0.9785765633885907,-0.26991161852313406,2.5127430739156407,0.9951327047209818,1.5751486610570236
593,-0.7813510810764571,-1.0722436281760903,0.43517426169545764,-0.9785765633885907,-1.098437789306172,0.2241414009596111,-1.133376057306256,-0.1670340085271416
164,0.2742346412691743,-0.35593762312732474,-1.5559532564394192,-0.09640252390259355,-1.098437789306172,0.2241414009596111,-1.133376057306256,-0.1670340085271416
629,-0.7813510810764571,-1.0722436281760903,-0.5603894973719808,-0.09640252390259355,-1.098437789306172,1.3684422374376257,0.9951327047209818,-0.1670340085271416
565,2.385406085960437,1.0766743869702062,1.4307380207628961,0.7857715155834036,1.3871407230429422,1.3684422374376257,0.9951327047209818,1.5751486610570236
576,-0.7813510810764571,-1.0722436281760903,0.43517426169545764,-0.9785765633885907,-1.098437789306172,-0.9201594355184036,-1.133376057306256,-1.0381253433192241
239,-0.7813510810764571,1.0766743869702062,-0.5603894973719808,1.6679455550694007,-0.26991161852313406,1.3684422374376257,0.9951327047209818,1.5751486610570236
83,2.385406085960437,-0.35593762312732474,-0.5603894973719808,1.6679455550694007,-0.26991161852313406,0.2241414009596111,0.9951327047209818,-0.1670340085271416
459,-0.7813510810764571,-1.0722436281760903,0.43517426169545764,-0.9785765633885907,-1.098437789306172,-0.9201594355184036,-1.133376057306256,-1.0381253433192241
295,-0.7813510810764571,1.0766743869702062,0.43517426169545764,0.7857715155834036,1.3871407230429422,-0.9201594355184036,0.46300551421417235,-0.1670340085271416
589,0.2742346412691743,-1.0722436281760903,-0.5603894973719808,-0.09640252390259355,-0.26991161852313406,-0.9201594355184036,-1.133376057306256,-1.0381253433192241
70,0.2742346412691743,-0.35593762312732474,-0.5603894973719808,-0.09640252390259355,-1.098437789306172,1.3684422374376257,0.9951327047209818,-0.1670340085271416
433,0.2742346412691743,-1.0722436281760903,-1.5559532564394192,-0.09640252390259355,-1.098437789306172,0.2241414009596111,0.9951327047209818,-0.1670340085271416
397,-0.7813510810764571,1.0766743869702062,0.43517426169545764,-0.9785765633885907,-0.26991161852313406,0.2241414009596111,0.9951327047209818,-0.1670340085271416
98,0.2742346412691743,-1.0722436281760903,-0.5603894973719808,-0.09640252390259355,-1.098437789306172,-0.9201594355184036,-0.6012488667994466,-1.0381253433192241
483,0.2742346412691743,-1.0722436281760903,-0.5603894973719808,-0.9785765633885907,-0.26991161852313406,-0.9201594355184036,-1.133376057306256,-1.0381253433192241
643,0.2742346412691743,-1.0722436281760903,-0.5603894973719808,-0.09640252390259355,-0.26991161852313406,-0.9201594355184036,-1.133376057306256,-1.0381253433192241
359,1.3298203636148058,-1.0722436281760903,-1.5559532564394192,-0.9785765633885907,-0.26991161852313406,-0.9201594355184036,0.9951327047209818,-1.0381253433192241
30,-0.7813510810764571,1.0766743869702062,-0.5603894973719808,0.7857715155834036,-1.098437789306172,-0.9201594355184036,-1.133376057306256,-1.0381253433192241
340,-0.7813510810764571,1.0766743869702062,-0.5603894973719808,1.6679455550694007,-0.26991161852313406,0.2241414009596111,0.9951327047209818,-0.1670340085271416
582,-0.7813510810764571,0.3603683819214408,0.43517426169545764,-0.9785765633885907,-0.26991161852313406,0.2241414009596111,0.9951327047209818,-0.1670340085271416
127,0.2742346412691743,-1.0722436281760903,0.43517426169545764,-0.9785765633885907,-0.26991161852313406,-0.9201594355184036,-1.133376057306256,-1.0381253433192241
584,2.385406085960437,-1.0722436281760903,-1.5559532564394192,-0.9785765633885907,-1.098437789306172,2.5127430739156407,0.9951327047209818,-0.1670340085271416
1,-0.7813510810764571,-1.0722436281760903,0.43517426169545764,-0.09640252390259355,-0.26991161852313406,1.3684422374376257,0.9951327047209818,1.5751486610570236
408,-0.7813510810764571,-1.0722436281760903,0.43517426169545764,0.7857715155834036,-0.26991161852313406,-0.9201594355184036,-1.133376057306256,-1.0381253433192241
27,-0.7813510810764571,1.0766743869702062,1.4307380207628961,1.6679455550694007,1.3871407230429422,1.3684422374376257,0.46300551421417235,1.5751486610570236
89,0.2742346412691743,-1.0722436281760903,-1.5559532564394192,-0.9785765633885907,-1.098437789306172,2.5127430739156407,0.9951327047209818,-0.1670340085271416
308,-0.7813510810764571,-1.0722436281760903,0.43517426169545764,-0.9785765633885907,-0.26991161852313406,-0.9201594355184036,0.9951327047209818,-1.0381253433192241
73,1.3298203636148058,1.0766743869702062,-1.5559532564394192,-0.9785765633885907,-0.26991161852313406,0.2241414009596111,0.9951327047209818,-1.0381253433192241
184,2.385406085960437,-1.0722436281760903,-1.5559532564394192,-0.09640252390259355,-0.26991161852313406,1.3684422374376257,0.9951327047209818,1.5751486610570236
171,-0.7813510810764571,-1.0722436281760903,-0.5603894973719808,0.7857715155834036,-0.26991161852313406,0.2241414009596111,-1.133376057306256,-0.1670340085271416
676,0.2742346412691743,-1.0722436281760903,0.43517426169545764,-0.9785765633885907,-0.26991161852313406,0.2241414009596111,-1.133376057306256,1.5751486610570236
552,0.2742346412691743,-0.35593762312732474,0.43517426169545764,-0.9785765633885907,1.3871407230429422,1.3684422374376257,0.9951327047209818,1.5751486610570236
530,-0.7813510810764571,1.0766743869702062,-0.5603894973719808,0.7857715155834036,-0.26991161852313406,0.2241414009596111,0.9951327047209818,-0.1670340085271416
455,-0.7813510810764571,-1.0722436281760903,-1.5559532564394192,0.7857715155834036,-1.098437789306172,0.2241414009596111,-1.133376057306256,-0.1670340085271416
91,-0.7813510810764571,-1.0722436281760903,-1.5559532564394192,-0.09640252390259355,-1.098437789306172,0.2241414009596111,-1.133376057306256,-0.1670340085271416
533,-0.7813510810764571,-1.0722436281760903,0.43517426169545764,-0.09640252390259355,-0.26991161852313406,0.2241414009596111,-1.133376057306256,-0.1670340085271416
370,-0.7813510810764571,-0.35593762312732474,0.43517426169545764,0.7857715155834036,1.3871407230429422,0.2241414009596111,0.9951327047209818,-0.1670340085271416
603,2.385406085960437,1.0766743869702062,0.43517426169545764,0.7857715155834036,-0.26991161852313406,-0.9201594355184036,-1.133376057306256,-0.1670340085271416
125,-0.7813510810764571,1.0766743869702062,0.43517426169545764,0.7857715155834036,-0.26991161852313406,-0.9201594355184036,-0.6012488667994466,-1.0381253433192241
678,-0.7813510810764571,-0.35593762312732474,0.43517426169545764,-0.09640252390259355,-0.26991161852313406,0.2241414009596111,-1.133376057306256,1.5751486610570236
410,0.2742346412691743,1.0766743869702062,1.4307380207628961,1.6679455550694007,2.2156668938259805,-0.9201594355184036,0.9951327047209818,-0.1670340085271416
315,-0.7813510810764571,0.3603683819214408,-0.5603894973719808,0.7857715155834036,-1.098437789306172,1.3684422374376257,-1.133376057306256,-0.1670340085271416
376,2.385406085960437,-0.35593762312732474,0.43517426169545764,0.7857715155834036,-0.26991161852313406,-0.9201594355184036,0.46300551421417235,-0.1670340085271416
12,-0.7813510810764571,1.7929803920189717,1.4307380207628961,0.7857715155834036,1.3871407230429422,0.2241414009596111,0.9951327047209818,-0.1670340085271416
604,-0.7813510810764571,-1.0722436281760903,-0.5603894973719808,-0.9785765633885907,-0.26991161852313406,2.5127430739156407,0.9951327047209818,1.5751486610570236
696,0.2742346412691743,-1.0722436281760903,-0.5603894973719808,-0.9785765633885907,-1.098437789306172,0.2241414009596111,-1.133376057306256,-0.1670340085271416
699,-0.7813510810764571,1.0766743869702062,0.43517426169545764,0.7857715155834036,-0.26991161852313406,0.2241414009596111,0.9951327047209818,-0.1670340085271416
516,-0.7813510810764571,1.0766743869702062,1.4307380207628961,-0.09640252390259355,1.3871407230429422,0.2241414009596111,0.9951327047209818,1.5751486610570236
556,1.3298203636148058,-0.35593762312732474,0.43517426169545764,-0.9785765633885907,-0.26991161852313406,-0.9201594355184036,-1.133376057306256,-1.0381253433192241
238,0.2742346412691743,1.0766743869702062,0.43517426169545764,-0.9785765633885907,1.3871407230429422,-0.9201594355184036,-0.6012488667994466,-0.1670340085271416
114,-0.7813510810764571,-0.35593762312732474,1.4307380207628961,1.6679455550694007,1.3871407230429422,0.2241414009596111,0.9951327047209818,0.704057326264941
557,2.385406085960437,1.7929803920189717,0.43517426169545764,1.6679455550694007,2.2156668938259805,-0.9201594355184036,0.9951327047209818,1.5751486610570236
309,-0.7813510810764571,1.0766743869702062,-0.5603894973719808,1.6679455550694007,-0.26991161852313406,0.2241414009596111,0.9951327047209818,-0.1670340085271416
409,-0.7813510810764571,1.0766743869702062,0.43517426169545764,-0.9785765633885907,-0.26991161852313406,-0.9201594355184036,-1.133376057306256,-1.0381253433192241
143,-0.7813510810764571,-1.0722436281760903,0.43517426169545764,-0.09640252390259355,-0.26991161852313406,0.2241414009596111,-1.133376057306256,-0.1670340085271416
601,-0.7813510810764571,1.0766743869702062,1.4307380207628961,0.7857715155834036,1.3871407230429422,0.2241414009596111,0.9951327047209818,1.5751486610570236
14,-0.7813510810764571,1.0766743869702062,1.4307380207628961,0.7857715155834036,1.3871407230429422,0.2241414009596111,0.9951327047209818,1.5751486610570236
658,-0.7813510810764571,1.0766743869702062,-0.5603894973719808,-0.9785765633885907,-1.098437789306172,0.2241414009596111,-1.133376057306256,-0.1670340085271416
54,0.2742346412691743,1.0766743869702062,-0.5603894973719808,-0.9785765633885907,-0.26991161852313406,0.2241414009596111,-1.133376057306256,-0.1670340085271416
430,-0.7813510810764571,-0.35593762312732474,0.43517426169545764,-0.9785765633885907,-0.26991161852313406,2.5127430739156407,0.9951327047209818,1.5751486610570236
208,-0.7813510810764571,0.3603683819214408,1.4307380207628961,0.7857715155834036,1.3871407230429422,-0.9201594355184036,0.9951327047209818,1.5751486610570236
344,0.2742346412691743,1.0766743869702062,1.4307380207628961,-0.9785765633885907,1.3871407230429422,0.2241414009596111,0.9951327047209818,1.5751486610570236
131,-0.7813510810764571,-0.35593762312732474,-0.5603894973719808,0.7857715155834036,-1.098437789306172,0.2241414009596111,0.9951327047209818,-0.1670340085271416
380,-0.7813510810764571,-1.0722436281760903,0.43517426169545764,-0.09640252390259355,-0.26991161852313406,-0.9201594355184036,0.9951327047209818,-0.1670340085271416
174,-0.7813510810764571,-0.35593762312732474,-0.5603894973719808,0.7857715155834036,-1.098437789306172,-0.9201594355184036,-1.133376057306256,-1.0381253433192241
550,-0.7813510810764571,-0.35593762312732474,-1.5559532564394192,-0.9785765633885907,-1.098437789306172,-0.9201594355184036,-1.133376057306256,-1.0381253433192241
191,-0.7813510810764571,-1.0722436281760903,-1.5559532564394192,-0.09640252390259355,-1.098437789306172,0.2241414009596111,-0.6012488667994466,-1.0381253433192241
270,0.2742346412691743,1.0766743869702062,1.4307380207628961,1.6679455550694007,2.2156668938259805,-0.9201594355184036,0.9951327047209818,1.5751486610570236
407,1.3298203636148058,1.0766743869702062,-1.5559532564394192,-0.09640252390259355,1.3871407230429422,-0.9201594355184036,-1.133376057306256,1.5751486610570236
610,0.2742346412691743,1.0766743869702062,-0.5603894973719808,0.7857715155834036,-0.26991161852313406,1.3684422374376257,0.9951327047209818,-0.1670340085271416
123,-0.7813510810764571,-1.0722436281760903,-0.5603894973719808,-0.9785765633885907,-1.098437789306172,0.2241414009596111,0.9951327047209818,-0.1670340085271416
138,-0.7813510810764571,-1.0722436281760903,0.43517426169545764,0.7857715155834036,-0.26991161852313406,-0.9201594355184036,-1.133376057306256,-1.0381253433192241
640,-0.7813510810764571,1.0766743869702062,-1.5559532564394192,1.6679455550694007,-1.098437789306172,-0.9201594355184036,-1.133376057306256,-1.0381253433192241
51,-0.7813510810764571,1.0766743869702062,-1.5559532564394192,0.7857715155834036,-1.098437789306172,0.2241414009596111,-0.06912167629263709,-0.1670340085271416
220,-0.7813510810764571,-1.0722436281760903,0.43517426169545764,-0.09640252390259355,-1.098437789306172,-0.9201594355184036,-1.133376057306256,-1.0381253433192241
112,1.3298203636148058,-1.0722436281760903,-1.5559532564394192,-0.9785765633885907,-1.098437789306172,-0.9201594355184036,0.46300551421417235,-1.0381253433192241
265,-0.7813510810764571,-0.35593762312732474,0.43517426169545764,-0.9785765633885907,-1.098437789306172,-0.9201594355184036,-0.6012488667994466,-1.0381253433192241
275,0.2742346412691743,-1.0722436281760903,-1.5559532564394192,-0.9785765633885907,-1.098437789306172,0.2241414009596111,-1.133376057306256,-0.1670340085271416
272,1.3298203636148058,-1.0722436281760903,-0.5603894973719808,-0.9785765633885907,-0.26991161852313406,0.2241414009596111,0.46300551421417235,-0.1670340085271416
342,0.2742346412691743,1.0766743869702062,1.4307380207628961,1.6679455550694007,-0.26991161852313406,-0.9201594355184036,-1.133376057306256,-1.0381253433192241
256,-0.7813510810764571,1.0766743869702062,1.4307380207628961,1.6679455550694007,-0.26991161852313406,-0.9201594355184036,-0.6012488667994466,-0.1670340085271416
182,1.3298203636148058,1.0766743869702062,1.4307380207628961,1.6679455550694007,1.3871407230429422,-0.9201594355184036,0.46300551421417235,-0.1670340085271416
105,-0.7813510810764571,1.0766743869702062,0.43517426169545764,1.6679455550694007,-0.26991161852313406,-0.9201594355184036,-1.133376057306256,-1.0381253433192241
446,1.3298203636148058,-0.35593762312732474,-0.5603894973719808,-0.09640252390259355,-1.098437789306172,-0.9201594355184036,-1.133376057306256,-1.0381253433192241
689,-0.7813510810764571,-1.0722436281760903,-0.5603894973719808,-0.9785765633885907,-1.098437789306172,0.2241414009596111,-1.133376057306256,-0.1670340085271416
602,0.2742346412691743,1.0766743869702062,0.43517426169545764,-0.9785765633885907,1.3871407230429422,-0.9201594355184036,0.9951327047209818,-0.1670340085271416
240,-0.7813510810764571,-1.0722436281760903,-0.5603894973719808,-0.9785765633885907,-1.098437789306172,1.3684422374376257,-1.133376057306256,-0.1670340085271416
230,1.3298203636148058,1.0766743869702062,0.43517426169545764,0.7857715155834036,1.3871407230429422,1.3684422374376257,0.9951327047209818,1.5751486610570236
153,-0.7813510810764571,-1.0722436281760903,0.43517426169545764,-0.09640252390259355,-0.26991161852313406,-0.9201594355184036,-0.6012488667994466,-0.1670340085271416
326,-0.7813510810764571,1.0766743869702062,0.43517426169545764,-0.09640252390259355,1.3871407230429422,1.3684422374376257,0.9951327047209818,1.5751486610570236
205,1.3298203636148058,1.0766743869702062,1.4307380207628961,0.7857715155834036,2.2156668938259805,-0.9201594355184036,0.9951327047209818,1.5751486610570236
458,-0.7813510810764571,1.0766743869702062,-1.5559532564394192,1.6679455550694007,-0.26991161852313406,0.2241414009596111,0.9951327047209818,-0.1670340085271416
521,0.2742346412691743,-1.0722436281760903,-0.5603894973719808,-0.09640252390259355,-0.26991161852313406,-0.9201594355184036,-0.6012488667994466,-1.0381253433192241
294,-0.7813510810764571,-1.0722436281760903,0.43517426169545764,0.7857715155834036,0.5586145522599041,0.2241414009596111,0.9951327047209818,-0.1670340085271416
150,0.2742346412691743,1.0766743869702062,1.4307380207628961,0.7857715155834036,1.3871407230429422,1.3684422374376257,0.9951327047209818,1.5751486610570236
156,-0.7813510810764571,-0.35593762312732474,0.43517426169545764,0.7857715155834036,-0.26991161852313406,0.2241414009596111,0.9951327047209818,-0.1670340085271416
465,-0.7813510810764571,-1.0722436281760903,-0.5603894973719808,-0.9785765633885907,-1.098437789306172,1.3684422374376257,0.9951327047209818,-0.1670340085271416
163,-0.7813510810764571,-0.35593762312732474,0.43517426169545764,-0.09640252390259355,-0.26991161852313406,-0.9201594355184036,-1.133376057306256,-1.0381253433192241
167,-0.7813510810764571,1.0766743869702062,-0.5603894973719808,-0.09640252390259355,-0.26991161852313406,-0.9201594355184036,0.9951327047209818,-1.0381253433192241
591,1.3298203636148058,-1.0722436281760903,-1.5559532564394192,-0.9785765633885907,-1.098437789306172,0.2241414009596111,-1.133376057306256,-0.1670340085271416
206,-0.7813510810764571,-0.35593762312732474,0.43517426169545764,-0.09640252390259355,-0.26991161852313406,-0.9201594355184036,-1.133376057306256,-1.0381253433192241
188,-0.7813510810764571,0.3603683819214408,-1.5559532564394192,-0.9785765633885907,-1.098437789306172,0.2241414009596111,-1.133376057306256,-1.0381253433192241
320,-0.7813510810764571,-1.0722436281760903,0.43517426169545764,-0.9785765633885907,-1.098437789306172,-0.9201594355184036,-1.133376057306256,-1.0381253433192241
324,0.2742346412691743,1.0766743869702062,-0.5603894973719808,0.7857715155834036,-0.26991161852313406,1.3684422374376257,0.9951327047209818,1.5751486610570236
145,0.2742346412691743,1.0766743869702062,-0.5603894973719808,-0.9785765633885907,-0.26991161852313406,-0.9201594355184036,-1.133376057306256,-1.0381253433192241
158,-0.7813510810764571,-0.35593762312732474,0.43517426169545764,-0.9785765633885907,-0.26991161852313406,0.2241414009596111,0.9951327047209818,-0.1670340085271416
226,0.2742346412691743,-1.0722436281760903,0.43517426169545764,-0.09640252390259355,-0.26991161852313406,1.3684422374376257,0.9951327047209818,1.5751486610570236
216,-0.7813510810764571,1.0766743869702062,1.4307380207628961,1.6679455550694007,-0.26991161852313406,0.2241414009596111,0.9951327047209818,-0.1670340085271416
194,0.2742346412691743,-0.35593762312732474,0.43517426169545764,-0.9785765633885907,-0.26991161852313406,-0.9201594355184036,-1.133376057306256,-0.1670340085271416
202,2.385406085960437,1.0766743869702062,-0.5603894973719808,1.6679455550694007,-0.26991161852313406,0.2241414009596111,0.46300551421417235,-0.1670340085271416
298,0.2742346412691743,-1.0722436281760903,-0.5603894973719808,-0.9785765633885907,-0.26991161852313406,-0.9201594355184036,-1.133376057306256,-1.0381253433192241
590,-0.7813510810764571,1.0766743869702062,0.43517426169545764,-0.9785765633885907,-0.26991161852313406,0.2241414009596111,0.9951327047209818,-1.0381253433192241
624,-0.7813510810764571,-1.0722436281760903,-0.5603894973719808,-0.9785765633885907,-0.26991161852313406,-0.9201594355184036,0.9951327047209818,-0.1670340085271416
546,0.2742346412691743,-1.0722436281760903,0.43517426169545764,-0.09640252390259355,1.3871407230429422,0.2241414009596111,0.9951327047209818,1.5751486610570236
535,-0.7813510810764571,-0.35593762312732474,1.4307380207628961,-0.9785765633885907,1.3871407230429422,0.2241414009596111,0.9951327047209818,1.5751486610570236
79,-0.7813510810764571,-0.35593762312732474,1.4307380207628961,0.7857715155834036,-0.26991161852313406,-0.9201594355184036,-0.6012488667994466,-1.0381253433192241
389,-0.7813510810764571,-0.35593762312732474,0.43517426169545764,-0.09640252390259355,1.3871407230429422,-0.9201594355184036,0.46300551421417235,-0.1670340085271416
563,0.2742346412691743,0.3603683819214408,0.43517426169545764,-0.09640252390259355,0.5586145522599041,-0.9201594355184036,-1.133376057306256,-1.0381253433192241
175,-0.7813510810764571,-1.0722436281760903,-0.5603894973719808,-0.9785765633885907,-1.098437789306172,0.2241414009596111,-0.6012488667994466,-0.1670340085271416
628,-0.7813510810764571,-1.0722436281760903,-0.5603894973719808,-0.09640252390259355,-1.098437789306172,1.3684422374376257,0.9951327047209818,-0.1670340085271416
94,1.3298203636148058,1.0766743869702062,-0.5603894973719808,-0.9785765633885907,-1.098437789306172,2.5127430739156407,0.9951327047209818,-0.1670340085271416
229,-0.7813510810764571,-1.0722436281760903,0.43517426169545764,-0.9785765633885907,-1.098437789306172,0.2241414009596111,0.46300551421417235,-0.1670340085271416
519,0.2742346412691743,-1.0722436281760903,0.43517426169545764,-0.9785765633885907,-0.26991161852313406,-0.9201594355184036,-1.133376057306256,-1.0381253433192241
280,-0.7813510810764571,-1.0722436281760903,0.43517426169545764,-0.09640252390259355,-0.26991161852313406,-0.9201594355184036,-1.133376057306256,-1.0381253433192241
540,-0.7813510810764571,-0.35593762312732474,1.4307380207628961,-0.09640252390259355,-0.26991161852313406,-0.9201594355184036,0.9951327047209818,-0.1670340085271416
403,1.3298203636148058,-1.0722436281760903,-1.5559532564394192,-0.09640252390259355,1.3871407230429422,2.5127430739156407,0.9951327047209818,1.5751486610570236
531,1.3298203636148058,-1.0722436281760903,-1.5559532564394192,-0.9785765633885907,-0.26991161852313406,0.2241414009596111,0.9951327047209818,-0.1670340085271416
228,0.2742346412691743,-1.0722436281760903,-1.5559532564394192,-0.9785765633885907,-1.098437789306172,-0.9201594355184036,-1.133376057306256,-1.0381253433192241
100,-0.7813510810764571,1.0766743869702062,1.4307380207628961,-0.09640252390259355,2.2156668938259805,-0.9201594355184036,0.9951327047209818,-0.1670340085271416
290,0.2742346412691743,-1.0722436281760903,-0.5603894973719808,-0.9785765633885907,-0.26991161852313406,-0.9201594355184036,-1.133376057306256,-1.0381253433192241
623,-0.7813510810764571,1.0766743869702062,1.4307380207628961,-0.09640252390259355,-0.26991161852313406,-0.9201594355184036,-1.133376057306256,-0.1670340085271416
366,3.4409918083060687,0.3603683819214408,-0.5603894973719808,0.7857715155834036,-1.098437789306172,0.2241414009596111,-0.6012488667994466,-1.0381253433192241
662,1.3298203636148058,-1.0722436281760903,-0.5603894973719808,-0.09640252390259355,1.3871407230429422,-0.9201594355184036,-1.133376057306256,-1.0381253433192241
53,-0.7813510810764571,1.0766743869702062,-0.5603894973719808,1.6679455550694007,-0.26991161852313406,-0.9201594355184036,-1.133376057306256,-1.0381253433192241
227,2.385406085960437,1.0766743869702062,-0.5603894973719808,-0.09640252390259355,1.3871407230429422,-0.9201594355184036,0.46300551421417235,-1.0381253433192241
391,1.3298203636148058,-1.0722436281760903,-0.5603894973719808,-0.9785765633885907,-0.26991161852313406,-0.9201594355184036,-1.133376057306256,-1.0381253433192241
675,0.2742346412691743,1.0766743869702062,1.4307380207628961,-0.09640252390259355,1.3871407230429422,-0.9201594355184036,0.9951327047209818,1.5751486610570236
698,-0.7813510810764571,1.0766743869702062,1.4307380207628961,1.6679455550694007,1.3871407230429422,0.2241414009596111,0.9951327047209818,1.5751486610570236
154,0.2742346412691743,-1.0722436281760903,-0.5603894973719808,-0.9785765633885907,-0.26991161852313406,0.2241414009596111,0.9951327047209818,-0.1670340085271416
251,-0.7813510810764571,-0.35593762312732474,0.43517426169545764,-0.9785765633885907,1.3871407230429422,1.3684422374376257,0.9951327047209818,1.5751486610570236
499,0.2742346412691743,1.0766743869702062,-0.5603894973719808,-0.9785765633885907,-0.26991161852313406,1.3684422374376257,0.9951327047209818,-0.1670340085271416
475,0.2742346412691743,1.7929803920189717,0.43517426169545764,1.6679455550694007,1.3871407230429422,-0.9201594355184036,0.9951327047209818,1.5751486610570236
271,-0.7813510810764571,-1.0722436281760903,-0.5603894973719808,-0.9785765633885907,-1.098437789306172,-0.9201594355184036,-1.133376057306256,-1.0381253433192241
44,-0.7813510810764571,-1.0722436281760903,-1.5559532564394192,-0.9785765633885907,-1.098437789306172,-0.9201594355184036,-1.133376057306256,-1.0381253433192241
113,-0.7813510810764571,1.0766743869702062,0.43517426169545764,0.7857715155834036,1.3871407230429422,1.3684422374376257,0.9951327047209818,1.5751486610570236
24,-0.7813510810764571,-1.0722436281760903,-1.5559532564394192,-0.9785765633885907,-1.098437789306172,1.3684422374376257,-1.133376057306256,-0.1670340085271416
211,-0.7813510810764571,1.0766743869702062,-0.5603894973719808,-0.9785765633885907,-0.26991161852313406,0.2241414009596111,0.9951327047209818,-0.1670340085271416
169,-0.7813510810764571,-0.35593762312732474,1.4307380207628961,-0.09640252390259355,1.3871407230429422,-0.9201594355184036,0.9951327047209818,-0.1670340085271416
520,1.3298203636148058,-0.35593762312732474,0.43517426169545764,-0.9785765633885907,-0.26991161852313406,1.3684422374376257,0.9951327047209818,1.5751486610570236
32,-0.7813510810764571,-1.0722436281760903,-0.5603894973719808,-0.09640252390259355,-0.26991161852313406,-0.9201594355184036,-0.6012488667994466,-1.0381253433192241
109,0.2742346412691743,-0.35593762312732474,0.43517426169545764,0.7857715155834036,-0.26991161852313406,0.2241414009596111,0.9951327047209818,-0.1670340085271416
136,0.2742346412691743,-1.0722436281760903,-1.5559532564394192,-0.9785765633885907,-1.098437789306172,0.2241414009596111,-1.133376057306256,-0.1670340085271416
330,-0.7813510810764571,-1.0722436281760903,-1.5559532564394192,-0.9785765633885907,-1.098437789306172,-0.9201594355184036,-1.133376057306256,-1.0381253433192241
222,1.3298203636148058,1.0766743869702062,1.4307380207628961,1.6679455550694007,2.2156668938259805,0.2241414009596111,0.9951327047209818,1.5751486610570236
28,0.2742346412691743,-0.35593762312732474,0.43517426169545764,-0.09640252390259355,1.3871407230429422,1.3684422374376257,0.9951327047209818,1.5751486610570236
287,0.2742346412691743,1.0766743869702062,-0.5603894973719808,1.6679455550694007,-1.098437789306172,1.3684422374376257,0.9951327047209818,0.704057326264941
55,-0.7813510810764571,1.0766743869702062,-1.5559532564394192,-0.9785765633885907,-1.098437789306172,1.3684422374376257,0.9951327047209818,-0.1670340085271416
615,-0.7813510810764571,0.3603683819214408,1.4307380207628961,0.7857715155834036,-0.26991161852313406,-0.9201594355184036,0.9951327047209818,-0.1670340085271416
663,-0.7813510810764571,1.0766743869702062,0.43517426169545764,0.7857715155834036,-0.26991161852313406,0.2241414009596111,0.9951327047209818,-0.1670340085271416
48,0.2742346412691743,-1.0722436281760903,-1.5559532564394192,-0.9785765633885907,-1.098437789306172,0.2241414009596111,-0.06912167629263709,-0.1670340085271416
685,-0.7813510810764571,-0.35593762312732474,0.43517426169545764,-0.9785765633885907,-0.26991161852313406,1.3684422374376257,0.9951327047209818,1.5751486610570236
477,-0.7813510810764571,-1.0722436281760903,-0.5603894973719808,-0.9785765633885907,-1.098437789306172,0.2241414009596111,-1.133376057306256,-0.1670340085271416
63,0.2742346412691743,-0.35593762312732474,-0.5603894973719808,-0.09640252390259355,1.3871407230429422,-0.9201594355184036,0.9951327047209818,-0.1670340085271416
413,2.385406085960437,-1.0722436281760903,-1.5559532564394192,-0.09640252390259355,-0.26991161852313406,0.2241414009596111,0.9951327047209818,-0.1670340085271416
384,3.4409918083060687,1.7929803920189717,0.43517426169545764,-0.9785765633885907,1.3871407230429422,0.2241414009596111,0.9951327047209818,1.5751486610570236
619,0.2742346412691743,1.0766743869702062,0.43517426169545764,1.6679455550694007,1.3871407230429422,1.3684422374376257,0.9951327047209818,1.5751486610570236
322,-0.7813510810764571,1.0766743869702062,1.4307380207628961,1.6679455550694007,0.5586145522599041,-0.9201594355184036,-1.133376057306256,-1.0381253433192241
451,0.2742346412691743,-1.0722436281760903,-0.5603894973719808,-0.09640252390259355,-1.098437789306172,0.2241414009596111,-0.6012488667994466,-0.1670340085271416
234,-0.7813510810764571,-1.0722436281760903,0.43517426169545764,-0.09640252390259355,-0.26991161852313406,-0.9201594355184036,-1.133376057306256,-1.0381253433192241
462,1.3298203636148058,-1.0722436281760903,0.43517426169545764,-0.9785765633885907,-0.26991161852313406,-0.9201594355184036,-1.133376057306256,-1.0381253433192241
424,2.385406085960437,-1.0722436281760903,-1.5559532564394192,-0.9785765633885907,-0.26991161852313406,1.3684422374376257,-0.06912167629263709,1.5751486610570236
614,1.3298203636148058,-0.35593762312732474,0.43517426169545764,0.7857715155834036,-0.26991161852313406,0.2241414009596111,0.9951327047209818,-0.1670340085271416
303,-0.7813510810764571,-1.0722436281760903,-0.5603894973719808,-0.9785765633885907,-1.098437789306172,-0.9201594355184036,-1.133376057306256,-1.0381253433192241
637,-0.7813510810764571,-1.0722436281760903,0.43517426169545764,0.7857715155834036,-0.26991161852313406,2.5127430739156407,0.9951327047209818,1.5751486610570236
219,2.385406085960437,-1.0722436281760903,-1.5559532564394192,-0.09640252390259355,1.3871407230429422,0.2241414009596111,0.9951327047209818,1.5751486610570236
606,-0.7813510810764571,-1.0722436281760903,-1.5559532564394192,-0.9785765633885907,-1.098437789306172,2.5127430739156407,0.9951327047209818,-0.1670340085271416
296,-0.7813510810764571,-1.0722436281760903,-0.5603894973719808,-0.9785765633885907,-1.098437789306172,0.2241414009596111,-1.133376057306256,-1.0381253433192241
21,-0.7813510810764571,1.0766743869702062,1.4307380207628961,1.6679455550694007,-0.26991161852313406,-0.9201594355184036,-1.133376057306256,-0.1670340085271416
420,-0.7813510810764571,1.0766743869702062,-1.5559532564394192,0.7857715155834036,-1.098437789306172,1.3684422374376257,0.9951327047209818,-0.1670340085271416
199,0.2742346412691743,-1.0722436281760903,-0.5603894973719808,-0.09640252390259355,-0.26991161852313406,1.3684422374376257,0.9951327047209818,1.5751486610570236
450,-0.7813510810764571,1.0766743869702062,1.4307380207628961,1.6679455550694007,2.2156668938259805,-0.9201594355184036,0.9951327047209818,1.5751486610570236
137,-0.7813510810764571,1.0766743869702062,0.43517426169545764,-0.9785765633885907,-0.26991161852313406,-0.9201594355184036,0.46300551421417235,-1.0381253433192241
536,0.2742346412691743,-0.35593762312732474,0.43517426169545764,-0.09640252390259355,-0.26991161852313406,-0.9201594355184036,-1.133376057306256,-1.0381253433192241
212,1.3298203636148058,-1.0722436281760903,-1.5559532564394192,0.7857715155834036,-0.26991161852313406,-0.9201594355184036,-1.133376057306256,-1.0381253433192241
674,0.2742346412691743,-1.0722436281760903,-0.5603894973719808,-0.9785765633885907,-1.098437789306172,-0.9201594355184036,-1.133376057306256,-1.0381253433192241
652,-0.7813510810764571,-1.0722436281760903,0.43517426169545764,0.7857715155834036,-0.26991161852313406,0.2241414009596111,-1.133376057306256,-0.1670340085271416
641,0.2742346412691743,1.7929803920189717,1.4307380207628961,1.6679455550694007,-0.26991161852313406,-0.9201594355184036,0.9951327047209818,-1.0381253433192241
505,1.3298203636148058,-1.0722436281760903,-0.5603894973719808,-0.9785765633885907,-0.26991161852313406,1.3684422374376257,0.9951327047209818,1.5751486610570236
567,0.2742346412691743,1.0766743869702062,0.43517426169545764,1.6679455550694007,-1.098437789306172,-0.9201594355184036,-1.133376057306256,-1.0381253433192241
231,-0.7813510810764571,1.7929803920189717,-0.5603894973719808,0.7857715155834036,-0.26991161852313406,0.2241414009596111,-1.133376057306256,-0.1670340085271416
405,0.2742346412691743,1.0766743869702062,1.4307380207628961,0.7857715155834036,1.3871407230429422,0.2241414009596111,0.9951327047209818,1.5751486610570236
317,2.385406085960437,-1.0722436281760903,-1.5559532564394192,-0.9785765633885907,-1.098437789306172,-0.9201594355184036,-1.133376057306256,-1.0381253433192241
183,-0.7813510810764571,-1.0722436281760903,0.43517426169545764,-0.09640252390259355,-0.26991161852313406,-0.9201594355184036,0.46300551421417235,-0.1670340085271416
596,2.385406085960437,-1.0722436281760903,-1.5559532564394192,-0.9785765633885907,-0.26991161852313406,0.2241414009596111,-1.133376057306256,-0.1670340085271416
594,-0.7813510810764571,-1.0722436281760903,-0.5603894973719808,-0.9785765633885907,-1.098437789306172,1.3684422374376257,0.9951327047209818,-1.0381253433192241
485,0.2742346412691743,-0.35593762312732474,-0.5603894973719808,0.7857715155834036,-0.26991161852313406,-0.9201594355184036,-1.133376057306256,-1.0381253433192241
278,-0.7813510810764571,-1.0722436281760903,-1.5559532564394192,0.7857715155834036,-1.098437789306172,-0.9201594355184036,-1.133376057306256,-1.0381253433192241
20,-0.7813510810764571,1.0766743869702062,1.4307380207628961,-0.9785765633885907,1.3871407230429422,-0.9201594355184036,0.9951327047209818,-1.0381253433192241
170,-0.7813510810764571,-1.0722436281760903,0.43517426169545764,-0.09640252390259355,-1.098437789306172,0.2241414009596111,-1.133376057306256,-0.1670340085271416
401,0.2742346412691743,1.0766743869702062,-0.5603894973719808,0.7857715155834036,1.3871407230429422,-0.9201594355184036,-1.133376057306256,-1.0381253433192241
644,-0.7813510810764571,1.0766743869702062,1.4307380207628961,1.6679455550694007,1.3871407230429422,0.2241414009596111,0.9951327047209818,1.5751486610570236
566,1.3298203636148058,1.0766743869702062,0.43517426169545764,1.6679455550694007,1.3871407230429422,-0.9201594355184036,0.46300551421417235,-0.1670340085271416
176,-0.7813510810764571,-1.0722436281760903,-1.5559532564394192,-0.9785765633885907,-1.098437789306172,1.3684422374376257,-1.133376057306256,-0.1670340085271416
327,-0.7813510810764571,1.0766743869702062,-0.5603894973719808,-0.9785765633885907,-0.26991161852313406,-0.9201594355184036,0.46300551421417235,-1.0381253433192241
198,-0.7813510810764571,-0.35593762312732474,0.43517426169545764,1.6679455550694007,-0.26991161852313406,-0.9201594355184036,-1.133376057306256,-0.1670340085271416
470,1.3298203636148058,-1.0722436281760903,0.43517426169545764,-0.9785765633885907,-1.098437789306172,1.3684422374376257,0.9951327047209818,-0.1670340085271416
647,-0.7813510810764571,-1.0722436281760903,-0.5603894973719808,-0.09640252390259355,-0.26991161852313406,-0.9201594355184036,0.46300551421417235,-1.0381253433192241
266,-0.7813510810764571,-0.35593762312732474,-1.5559532564394192,-0.9785765633885907,-1.098437789306172,-0.9201594355184036,-1.133376057306256,-0.1670340085271416
492,-0.7813510810764571,-1.0722436281760903,-1.5559532564394192,-0.9785765633885907,-0.26991161852313406,2.5127430739156407,0.9951327047209818,1.5751486610570236
130,2.385406085960437,-1.0722436281760903,-1.5559532564394192,-0.09640252390259355,-0.26991161852313406,-0.9201594355184036,-1.133376057306256,-1.0381253433192241
338,1.3298203636148058,-1.0722436281760903,-0.5603894973719808,-0.09640252390259355,-0.26991161852313406,1.3684422374376257,0.9951327047209818,0.704057326264941
592,2.385406085960437,-1.0722436281760903,0.43517426169545764,0.7857715155834036,-0.26991161852313406,1.3684422374376257,-1.133376057306256,1.5751486610570236
489,0.2742346412691743,1.0766743869702062,1.4307380207628961,1.6679455550694007,1.3871407230429422,-0.9201594355184036,-1.133376057306256,-1.0381253433192241
572,-0.7813510810764571,1.0766743869702062,1.4307380207628961,-0.9785765633885907,1.3871407230429422,0.2241414009596111,-1.133376057306256,1.5751486610570236
193,-0.7813510810764571,-1.0722436281760903,-1.5559532564394192,-0.09640252390259355,-1.098437789306172,-0.9201594355184036,-1.133376057306256,-1.0381253433192241
140,-0.7813510810764571,-1.0722436281760903,-1.5559532564394192,-0.9785765633885907,-1.098437789306172,1.3684422374376257,0.9951327047209818,-0.1670340085271416
416,-0.7813510810764571,-1.0722436281760903,-1.5559532564394192,-0.9785765633885907,-0.26991161852313406,-0.9201594355184036,-1.133376057306256,-1.0381253433192241
476,-0.7813510810764571,-1.0722436281760903,-0.5603894973719808,-0.9785765633885907,-1.098437789306172,1.3684422374376257,-1.133376057306256,-0.1670340085271416
152,-0.7813510810764571,0.3603683819214408,-0.5603894973719808,0.7857715155834036,-1.098437789306172,1.3684422374376257,0.9951327047209818,-0.1670340085271416
625,2.385406085960437,1.0766743869702062,1.4307380207628961,-0.09640252390259355,2.2156668938259805,-0.9201594355184036,0.9951327047209818,1.5751486610570236
10,-0.7813510810764571,-1.0722436281760903,-1.5559532564394192,-0.9785765633885907,-1.098437789306172,-0.9201594355184036,-1.133376057306256,-1.0381253433192241
269,-0.7813510810764571,1.0766743869702062,1.4307380207628961,1.6679455550694007,-0.26991161852313406,-0.9201594355184036,0.46300551421417235,-1.0381253433192241
96,-0.7813510810764571,1.0766743869702062,0.43517426169545764,-0.9785765633885907,1.3871407230429422,-0.9201594355184036,0.9951327047209818,-0.1670340085271416
210,1.3298203636148058,1.0766743869702062,1.4307380207628961,-0.09640252390259355,2.2156668938259805,0.2241414009596111,0.9951327047209818,1.5751486610570236
692,-0.7813510810764571,-0.35593762312732474,-1.5559532564394192,1.6679455550694007,-0.26991161852313406,2.5127430739156407,0.9951327047209818,1.5751486610570236
569,-0.7813510810764571,1.7929803920189717,1.4307380207628961,1.6679455550694007,2.2156668938259805,0.2241414009596111,0.9951327047209818,1.5751486610570236
548,0.2742346412691743,1.0766743869702062,-0.5603894973719808,0.7857715155834036,-1.098437789306172,1.3684422374376257,-1.133376057306256,1.5751486610570236
659,0.2742346412691743,1.0766743869702062,0.43517426169545764,-0.09640252390259355,1.3871407230429422,1.3684422374376257,0.9951327047209818,1.5751486610570236
532,0.2742346412691743,1.0766743869702062,-0.5603894973719808,0.7857715155834036,-1.098437789306172,1.3684422374376257,-1.133376057306256,-0.1670340085271416
651,-0.7813510810764571,1.0766743869702062,-0.5603894973719808,-0.09640252390259355,-1.098437789306172,0.2241414009596111,0.9951327047209818,-0.1670340085271416
332,2.385406085960437,-1.0722436281760903,-0.5603894973719808,-0.9785765633885907,-0.26991161852313406,-0.9201594355184036,-1.133376057306256,-1.0381253433192241
75,-0.7813510810764571,1.0766743869702062,0.43517426169545764,1.6679455550694007,1.3871407230429422,1.3684422374376257,0.9951327047209818,1.5751486610570236
77,-0.7813510810764571,-1.0722436281760903,-1.5559532564394192,-0.09640252390259355,-1.098437789306172,-0.9201594355184036,-1.133376057306256,-1.0381253433192241
263,-0.7813510810764571,1.7929803920189717,0.43517426169545764,0.7857715155834036,-1.098437789306172,1.3684422374376257,-0.06912167629263709,0.704057326264941
149,-0.7813510810764571,-1.0722436281760903,0.43517426169545764,-0.9785765633885907,-0.26991161852313406,0.2241414009596111,0.9951327047209818,-0.1670340085271416
650,-0.7813510810764571,1.7929803920189717,-0.5603894973719808,-0.09640252390259355,-0.26991161852313406,-0.9201594355184036,-1.133376057306256,-1.0381253433192241
514,0.2742346412691743,1.0766743869702062,1.4307380207628961,-0.9785765633885907,-0.26991161852313406,0.2241414009596111,0.9951327047209818,-0.1670340085271416
656,-0.7813510810764571,-1.0722436281760903,0.43517426169545764,-0.09640252390259355,-1.098437789306172,-0.9201594355184036,-1.133376057306256,-1.0381253433192241
469,0.2742346412691743,-1.0722436281760903,-0.5603894973719808,-0.9785765633885907,-1.098437789306172,-0.9201594355184036,-1.133376057306256,-1.0381253433192241
564,1.3298203636148058,-1.0722436281760903,0.43517426169545764,-0.9785765633885907,1.3871407230429422,0.2241414009596111,0.9951327047209818,1.5751486610570236
461,0.2742346412691743,-1.0722436281760903,-1.5559532564394192,-0.9785765633885907,-1.098437789306172,0.2241414009596111,-1.133376057306256,-0.1670340085271416
253,0.2742346412691743,-0.35593762312732474,-1.5559532564394192,-0.9785765633885907,-1.098437789306172,0.2241414009596111,-1.133376057306256,-1.0381253433192241
369,1.3298203636148058,1.0766743869702062,1.4307380207628961,-0.9785765633885907,1.3871407230429422,-0.9201594355184036,-0.06912167629263709,-0.1670340085271416
321,1.3298203636148058,-1.0722436281760903,-0.5603894973719808,-0.9785765633885907,-0.26991161852313406,0.2241414009596111,-1.133376057306256,1.5751486610570236
151,-0.7813510810764571,1.0766743869702062,0.43517426169545764,1.6679455550694007,1.3871407230429422,-0.9201594355184036,0.9951327047209818,-0.1670340085271416
302,-0.7813510810764571,1.0766743869702062,1.4307380207628961,1.6679455550694007,1.3871407230429422,-0.9201594355184036,0.9951327047209818,-0.1670340085271416
190,0.2742346412691743,-1.0722436281760903,-0.5603894973719808,-0.9785765633885907,-1.098437789306172,0.2241414009596111,0.9951327047209818,-0.1670340085271416
586,0.2742346412691743,-1.0722436281760903,0.43517426169545764,-0.9785765633885907,-0.26991161852313406,-0.9201594355184036,-1.133376057306256,-0.1670340085271416
348,0.2742346412691743,-1.0722436281760903,-0.5603894973719808,-0.09640252390259355,-1.098437789306172,-0.9201594355184036,-1.133376057306256,-1.0381253433192241
243,1.3298203636148058,1.7929803920189717,1.4307380207628961,1.6679455550694007,2.2156668938259805,0.2241414009596111,0.9951327047209818,1.5751486610570236
87,1.3298203636148058,1.0766743869702062,-0.5603894973719808,1.6679455550694007,-0.26991161852313406,2.5127430739156407,0.9951327047209818,1.5751486610570236
634,1.3298203636148058,1.0766743869702062,0.43517426169545764,-0.09640252390259355,1.3871407230429422,-0.9201594355184036,-1.133376057306256,-0.1670340085271416
418,0.2742346412691743,-0.35593762312732474,0.43517426169545764,-0.9785765633885907,1.3871407230429422,1.3684422374376257,0.9951327047209818,1.5751486610570236
288,-0.7813510810764571,-0.35593762312732474,1.4307380207628961,0.7857715155834036,-0.26991161852313406,-0.9201594355184036,-1.133376057306256,-1.0381253433192241
166,-0.7813510810764571,-1.0722436281760903,-0.5603894973719808,-0.9785765633885907,-1.098437789306172,1.3684422374376257,0.9951327047209818,-0.1670340085271416
595,-0.7813510810764571,-0.35593762312732474,0.43517426169545764,1.6679455550694007,-0.26991161852313406,-0.9201594355184036,-1.133376057306256,-0.1670340085271416
654,-0.7813510810764571,0.3603683819214408,0.43517426169545764,-0.9785765633885907,-0.26991161852313406,2.5127430739156407,0.9951327047209818,1.5751486610570236
155,1.3298203636148058,0.3603683819214408,0.43517426169545764,-0.9785765633885907,-0.26991161852313406,1.3684422374376257,0.9951327047209818,1.5751486610570236
356,-0.7813510810764571,1.0766743869702062,-0.5603894973719808,0.7857715155834036,-1.098437789306172,1.3684422374376257,0.9951327047209818,-0.1670340085271416
381,-0.7813510810764571,1.0766743869702062,0.43517426169545764,1.6679455550694007,0.5586145522599041,2.5127430739156407,0.9951327047209818,1.5751486610570236
279,-0.7813510810764571,1.0766743869702062,0.43517426169545764,-0.9785765633885907,-0.26991161852313406,0.2241414009596111,0.9951327047209818,-0.1670340085271416
126,0.2742346412691743,1.0766743869702062,0.43517426169545764,-0.9785765633885907,1.3871407230429422,0.2241414009596111,0.9951327047209818,1.5751486610570236
22,-0.7813510810764571,-1.0722436281760903,-0.5603894973719808,-0.09640252390259355,-0.26991161852313406,0.2241414009596111,-1.133376057306256,-0.1670340085271416
616,-0.7813510810764571,-1.0722436281760903,-1.5559532564394192,-0.9785765633885907,-0.26991161852313406,-0.9201594355184036,-1.133376057306256,-0.1670340085271416
282,-0.7813510810764571,-1.0722436281760903,0.43517426169545764,-0.9785765633885907,-0.26991161852313406,0.2241414009596111,-1.133376057306256,1.5751486610570236
471,2.385406085960437,-1.0722436281760903,-1.5559532564394192,-0.9785765633885907,-0.26991161852313406,-0.9201594355184036,-1.133376057306256,-0.1670340085271416
367,0.2742346412691743,1.0766743869702062,1.4307380207628961,-0.09640252390259355,-0.26991161852313406,-0.9201594355184036,-1.133376057306256,-1.0381253433192241
25,2.385406085960437,-1.0722436281760903,-1.5559532564394192,-0.9785765633885907,-0.26991161852313406,1.3684422374376257,0.9951327047209818,-0.1670340085271416
196,-0.7813510810764571,-1.0722436281760903,-1.5559532564394192,-0.9785765633885907,-1.098437789306172,-0.9201594355184036,-1.133376057306256,-1.0381253433192241
64,0.2742346412691743,-0.35593762312732474,-0.5603894973719808,-0.09640252390259355,-0.26991161852313406,-0.9201594355184036,0.9951327047209818,-1.0381253433192241
15,0.2742346412691743,0.3603683819214408,0.43517426169545764,-0.09640252390259355,0.5586145522599041,0.2241414009596111,-0.06912167629263709,-0.1670340085271416
297,-0.7813510810764571,-0.35593762312732474,-1.5559532564394192,0.7857715155834036,-1.098437789306172,1.3684422374376257,0.9951327047209818,-0.1670340085271416
621,0.2742346412691743,1.0766743869702062,-0.5603894973719808,1.6679455550694007,-0.26991161852313406,-0.9201594355184036,-1.133376057306256,-1.0381253433192241
336,0.2742346412691743,0.3603683819214408,0.43517426169545764,1.6679455550694007,-0.26991161852313406,1.3684422374376257,0.9951327047209818,1.5751486610570236
26,0.2742346412691743,1.0766743869702062,0.43517426169545764,1.6679455550694007,1.3871407230429422,-0.9201594355184036,-0.6012488667994466,1.5751486610570236
588,-0.7813510810764571,1.0766743869702062,0.43517426169545764,-0.09640252390259355,1.3871407230429422,-0.9201594355184036,0.9951327047209818,-0.1670340085271416
43,-0.7813510810764571,1.0766743869702062,1.4307380207628961,-0.9785765633885907,-0.26991161852313406,0.2241414009596111,0.9951327047209818,1.5751486610570236
497,0.2742346412691743,1.0766743869702062,0.43517426169545764,-0.9785765633885907,1.3871407230429422,0.2241414009596111,0.9951327047209818,1.5751486610570236
515,0.2742346412691743,1.0766743869702062,0.43517426169545764,-0.9785765633885907,1.3871407230429422,1.3684422374376257,-1.133376057306256,1.5751486610570236
669,1.3298203636148058,0.3603683819214408,0.43517426169545764,-0.9785765633885907,-0.26991161852313406,0.2241414009596111,0.46300551421417235,1.5751486610570236
561,0.2742346412691743,1.0766743869702062,0.43517426169545764,0.7857715155834036,-0.26991161852313406,-0.9201594355184036,0.9951327047209818,-1.0381253433192241
454,2.385406085960437,1.0766743869702062,-1.5559532564394192,0.7857715155834036,-0.26991161852313406,1.3684422374376257,0.9951327047209818,-0.1670340085271416
387,3.4409918083060687,1.0766743869702062,1.4307380207628961,-0.9785765633885907,2.2156668938259805,-0.9201594355184036,-1.133376057306256,-0.1670340085271416
71,0.2742346412691743,-1.0722436281760903,-0.5603894973719808,-0.09640252390259355,-0.26991161852313406,1.3684422374376257,0.9951327047209818,1.5751486610570236
542,0.2742346412691743,-1.0722436281760903,0.43517426169545764,-0.09640252390259355,1.3871407230429422,1.3684422374376257,0.9951327047209818,1.5751486610570236
456,3.4409918083060687,1.0766743869702062,0.43517426169545764,1.6679455550694007,2.2156668938259805,-0.9201594355184036,0.46300551421417235,1.5751486610570236
633,-0.7813510810764571,-1.0722436281760903,-1.5559532564394192,-0.9785765633885907,-1.098437789306172,0.2241414009596111,0.9951327047209818,-1.0381253433192241
431,-0.7813510810764571,1.0766743869702062,0.43517426169545764,-0.9785765633885907,-0.26991161852313406,-0.9201594355184036,0.46300551421417235,-1.0381253433192241
627,-0.7813510810764571,1.0766743869702062,-0.5603894973719808,0.7857715155834036,-1.098437789306172,-0.9201594355184036,-1.133376057306256,-1.0381253433192241
653,1.3298203636148058,-1.0722436281760903,-0.5603894973719808,-0.9785765633885907,-1.098437789306172,0.2241414009596111,-1.133376057306256,-0.1670340085271416
264,-0.7813510810764571,1.0766743869702062,0.43517426169545764,-0.09640252390259355,-0.26991161852313406,-0.9201594355184036,-1.133376057306256,-0.1670340085271416
209,0.2742346412691743,-1.0722436281760903,-0.5603894973719808,-0.9785765633885907,-0.26991161852313406,-0.9201594355184036,-1.133376057306256,-1.0381253433192241
316,-0.7813510810764571,1.0766743869702062,1.4307380207628961,-0.9785765633885907,1.3871407230429422,1.3684422374376257,0.9951327047209818,1.5751486610570236
513,-0.7813510810764571,-1.0722436281760903,-0.5603894973719808,-0.09640252390259355,-1.098437789306172,0.2241414009596111,-0.6012488667994466,-1.0381253433192241
313,-0.7813510810764571,1.0766743869702062,-0.5603894973719808,-0.09640252390259355,-0.26991161852313406,0.2241414009596111,0.9951327047209818,-0.1670340085271416
534,-0.7813510810764571,1.0766743869702062,-0.5603894973719808,1.6679455550694007,-0.26991161852313406,0.2241414009596111,0.9951327047209818,-0.1670340085271416
319,1.3298203636148058,-1.0722436281760903,-0.5603894973719808,-0.9785765633885907,-0.26991161852313406,-0.9201594355184036,-1.133376057306256,-1.0381253433192241
7,-0.7813510810764571,-0.35593762312732474,0.43517426169545764,0.7857715155834036,-0.26991161852313406,-0.9201594355184036,-1.133376057306256,-1.0381253433192241
393,2.385406085960437,1.7929803920189717,-0.5603894973719808,1.6679455550694007,1.3871407230429422,1.3684422374376257,0.9951327047209818,1.5751486610570236
141,-0.7813510810764571,-1.0722436281760903,0.43517426169545764,-0.09640252390259355,-0.26991161852313406,1.3684422374376257,0.9951327047209818,1.5751486610570236
86,0.2742346412691743,-1.0722436281760903,-0.5603894973719808,-0.9785765633885907,-0.26991161852313406,0.2241414009596111,0.9951327047209818,-1.0381253433192241
478,0.2742346412691743,1.0766743869702062,1.4307380207628961,1.6679455550694007,2.2156668938259805,0.2241414009596111,-0.06912167629263709,1.5751486610570236
503,-0.7813510810764571,1.0766743869702062,-0.5603894973719808,1.6679455550694007,-1.098437789306172,0.2241414009596111,-0.06912167629263709,-0.1670340085271416
215,1.3298203636148058,-0.35593762312732474,0.43517426169545764,-0.09640252390259355,-0.26991161852313406,-0.9201594355184036,0.9951327047209818,-0.1670340085271416
580,0.2742346412691743,-0.35593762312732474,-0.5603894973719808,-0.09640252390259355,-0.26991161852313406,-0.9201594355184036,0.46300551421417235,-1.0381253433192241
562,1.3298203636148058,1.0766743869702062,1.4307380207628961,0.7857715155834036,2.2156668938259805,-0.9201594355184036,-0.6012488667994466,1.5751486610570236
398,0.2742346412691743,-1.0722436281760903,-1.5559532564394192,-0.09640252390259355,-0.26991161852313406,0.2241414009596111,0.9951327047209818,-0.1670340085271416
668,-0.7813510810764571,-0.35593762312732474,0.43517426169545764,0.7857715155834036,-0.26991161852313406,-0.9201594355184036,-1.133376057306256,-1.0381253433192241
490,-0.7813510810764571,-0.35593762312732474,0.43517426169545764,0.7857715155834036,-0.26991161852313406,-0.9201594355184036,-1.133376057306256,-1.0381253433192241
252,0.2742346412691743,-0.35593762312732474,0.43517426169545764,-0.9785765633885907,2.2156668938259805,-0.9201594355184036,0.9951327047209818,-1.0381253433192241
468,0.2742346412691743,-1.0722436281760903,-0.5603894973719808,0.7857715155834036,1.3871407230429422,1.3684422374376257,0.9951327047209818,1.5751486610570236
357,0.2742346412691743,-1.0722436281760903,-1.5559532564394192,-0.9785765633885907,-1.098437789306172,1.3684422374376257,-1.133376057306256,-0.1670340085271416
254,-0.7813510810764571,1.0766743869702062,-0.5603894973719808,0.7857715155834036,-1.098437789306172,0.2241414009596111,-1.133376057306256,-0.1670340085271416
276,0.2742346412691743,-1.0722436281760903,-0.5603894973719808,-0.09640252390259355,-1.098437789306172,0.2241414009596111,0.9951327047209818,-0.1670340085271416
178,-0.7813510810764571,1.0766743869702062,0.43517426169545764,-0.9785765633885907,-1.098437789306172,0.2241414009596111,-0.6012488667994466,-0.1670340085271416
281,-0.7813510810764571,-0.35593762312732474,1.4307380207628961,-0.9785765633885907,-0.26991161852313406,2.5127430739156407,0.9951327047209818,1.5751486610570236
390,-0.7813510810764571,1.0766743869702062,1.4307380207628961,-0.9785765633885907,1.3871407230429422,-0.9201594355184036,-0.6012488667994466,-0.1670340085271416
508,0.2742346412691743,-1.0722436281760903,-1.5559532564394192,-0.9785765633885907,-1.098437789306172,0.2241414009596111,-1.133376057306256,-0.1670340085271416
583,1.3298203636148058,1.0766743869702062,1.4307380207628961,0.7857715155834036,0.5586145522599041,2.5127430739156407,0.9951327047209818,1.5751486610570236
129,0.2742346412691743,1.0766743869702062,1.4307380207628961,-0.9785765633885907,1.3871407230429422,-0.9201594355184036,0.9951327047209818,-0.1670340085271416
144,-0.7813510810764571,1.0766743869702062,1.4307380207628961,1.6679455550694007,1.3871407230429422,-0.9201594355184036,-1.133376057306256,-0.1670340085271416
645,0.2742346412691743,-1.0722436281760903,-1.5559532564394192,-0.9785765633885907,-0.26991161852313406,-0.9201594355184036,0.9951327047209818,-1.0381253433192241
72,-0.7813510810764571,1.0766743869702062,1.4307380207628961,1.6679455550694007,1.3871407230429422,0.2241414009596111,0.9951327047209818,1.5751486610570236
235,-0.7813510810764571,-1.0722436281760903,0.43517426169545764,-0.9785765633885907,-1.098437789306172,-0.9201594355184036,-1.133376057306256,-1.0381253433192241
37,0.2742346412691743,-0.35593762312732474,0.43517426169545764,-0.9785765633885907,-0.26991161852313406,0.2241414009596111,0.9951327047209818,1.5751486610570236
