,ed,age_transformed,employ_transformed,address_transformed,income_ratio_transformed,debtinc_transformed,creddebt_ratio_transformed,othdebt_ratio_transformed
286,-0.7813510810764571,-0.7198642410466021,0.5987904344492325,0.0597994764890157,-0.17684401628318158,-0.49906985430681905,0.049902405813189665,-0.7163475324720867
146,2.385406085960437,-0.8705926954520273,-1.2905770018188305,-0.7177089818943599,-0.6186237885721682,0.5371963473770919,-0.7437026696642123,0.37565808070318757
214,-0.7813510810764571,-0.030362291605246557,1.1367784896796922,-0.7177089818943599,1.2460805581955023,0.26679289534189393,1.499887851854043,0.7069985663527467
528,0.2742346412691743,1.7745590353425278,2.312017022683861,0.9038862865729667,2.4940897848114987,-0.14820415794655256,1.583711565125673,2.3382509876004063
165,0.2742346412691743,0.6848396287077676,0.8282815441270626,0.587564984067492,1.6354005034814372,1.2409767460439725,2.001506553230875,2.1508795399020224
690,0.2742346412691743,-1.5268627096810437,-1.7429530323436968,-0.280812163135549,-1.8357733748140537,-0.23920632594450203,-2.7389428461659104,-0.5757445117259601
80,-0.7813510810764571,-1.1872814398109017,-0.48125232293607584,-0.7177089818943599,-0.5350993118889239,0.28117005060636047,1.0055769557750251,-1.666007937342295
310,-0.7813510810764571,0.572703209170494,1.4127717803552187,0.9990192843855589,0.9263010447601661,1.9110030009823202,2.5020233679331616,1.3373078855875535
304,1.3298203636148058,-1.0262797137598505,-0.28447185465545705,-1.361348945378055,1.2460805581955023,-0.4357249281431734,0.8896648398930951,0.24318297150290122
429,-0.7813510810764571,0.7944642806774166,1.5825952383653183,-0.9996753848656023,1.2640316108415586,1.386315702279516,2.126368948268784,1.6442459394798508
195,-0.7813510810764571,-0.5737733612853833,-0.48125232293607584,-1.8941693901287948,-0.11495192108281711,-0.9371849193421629,-0.5025677789338671,-0.8283909197751506
3,-0.7813510810764571,0.7944642806774166,1.0380388884061322,0.9038862865729667,1.8196138473994332,-1.3488205437561072,1.0805405349871529,-0.9018942298289995
687,-0.7813510810764571,-0.030362291605246557,0.47496792475826144,-1.361348945378055,-0.11495192108281711,0.25231519811458425,1.017775868066146,-0.8155755622216824
9,-0.7813510810764571,0.21993203385948543,-1.7429530323436968,0.8040214118622065,-0.707003049163118,1.3147159232762153,1.1259186694846577,0.07305783902911513
435,0.2742346412691743,-1.5268627096810437,-1.2905770018188305,-0.9996753848656023,0.3404205451005691,-0.5647536723626226,-0.04342385699313166,-0.26315344543464453
400,0.2742346412691743,-1.7063843689593408,-1.7429530323436968,-0.483252061592501,-1.1201443404426752,0.0054650330495582145,-0.5846105324783261,-0.3918991360329398
350,0.2742346412691743,0.7944642806774166,0.2042844884969822,1.4937405999928413,0.3821596524785762,-2.5906658786468415,-1.8961862505914249,-2.125796693991831
600,1.3298203636148058,1.3086914652461112,-0.48125232293607584,1.1770113121705652,1.20910174412925,-0.6329929984569984,0.8973185357811401,-0.16043263703101895
179,0.2742346412691743,-0.1605536573186756,-0.9662986919833793,0.9038862865729667,0.0009412280633115605,1.589629327412281,0.8510598373479303,1.1928663860376214
395,-0.7813510810764571,0.0964048954620295,-0.28447185465545705,-0.280812163135549,-0.17684401628318158,0.6120987854869697,-1.3651529744748911,0.746977293509949
349,0.2742346412691743,0.6848396287077676,-0.9662986919833793,-1.361348945378055,0.05530665630457109,-1.0525876938062295,-0.9970740183482169,-0.6232794477474142
365,0.2742346412691743,-0.2943697773373074,-0.7045532984641972,0.8040214118622065,0.5358465352445388,-1.770236378487818,-0.6354929885989709,-1.4412779028684688
657,-0.7813510810764571,0.0964048954620295,1.1367784896796922,0.4693415285126722,0.8479494559702219,0.28117005060636047,0.24554872195650687,0.9671198089882885
415,0.2742346412691743,-0.5737733612853833,0.2042844884969822,-0.483252061592501,0.8204732389507959,-0.41509634393480427,-0.8470524952504435,0.5207415435489172
402,0.2742346412691743,-0.8705926954520273,-0.28447185465545705,-0.9996753848656023,0.10749885141649629,-0.061336832288426346,0.22958764668143974,-0.03021311811731536
646,-0.7813510810764571,-0.43202971010298924,0.5987904344492325,-0.10162439253395274,-0.055754000005684624,-0.33484490780397597,-0.9387583261686167,0.005229605778495106
242,0.2742346412691743,-0.2943697773373074,0.054602266199616646,0.4693415285126722,-0.17684401628318158,-0.9095879986359081,-0.6259959764925496,-0.7673530131147046
197,2.385406085960437,-0.1605536573186756,0.3438741458123867,0.4693415285126722,-0.45599745818110343,-0.9095879986359081,-0.7444965834991552,-0.8949810498215255
40,-0.7813510810764571,-1.7063843689593408,0.054602266199616646,-0.9996753848656023,-0.2416430117379817,-0.3745299325369818,-0.8364614418952361,-0.16667245273596465
368,-0.7813510810764571,0.21993203385948543,1.32384869561555,0.34302029713936366,1.0886136072469024,0.3791280826185738,1.8091365151859344,0.1267663888201514
547,2.385406085960437,-0.030362291605246557,0.47496792475826144,1.2606505106109358,1.8463958988095195,1.0864259514296217,1.2137570509801592,2.5764456988992697
378,-0.7813510810764571,-0.43202971010298924,1.0380388884061322,-0.9996753848656023,0.9263010447601661,-0.7781796701644484,-0.08167650640017321,0.03758237829740946
5,0.2742346412691743,0.7944642806774166,-0.28447185465545705,-0.280812163135549,-0.707003049163118,0.23773526935061962,-0.7097866713495968,0.07798112393977831
688,-0.7813510810764571,-0.1605536573186756,0.7163042504200362,0.6988243630480062,1.109773626296991,0.3237145140480979,0.4155720005939862,1.2099010155671115
364,-0.7813510810764571,0.34038857069884054,-1.7429530323436968,1.2606505106109358,-1.5145958303710132,0.5997915690061139,0.5591530725661592,-1.004662861278464
375,-0.7813510810764571,-0.7198642410466021,-1.2905770018188305,-0.483252061592501,-1.6682468557173953,-1.5023523648100137,-1.5806826039073214,-1.8561508562119517
439,0.2742346412691743,0.572703209170494,1.1367784896796922,0.6988243630480062,0.7335294946805504,-1.0828052656982978,-0.2138836032334236,-0.47279734344934676
38,-0.7813510810764571,-0.8705926954520273,-1.2905770018188305,0.20714550344045787,-0.8007310426437118,1.0663876646046988,0.395577502673687,0.3444429056086414
299,-0.7813510810764571,0.34038857069884054,1.4989507729401716,-0.9996753848656023,0.8204732389507959,-1.770236378487818,-0.4319592647018018,-1.334007932946166
597,0.2742346412691743,-0.2943697773373074,-0.28447185465545705,-1.8941693901287948,-0.45599745818110343,0.8227328859199631,1.0551460166335591,-0.2672892337171408
277,-0.7813510810764571,-0.2943697773373074,0.9353524705498827,-1.8941693901287948,0.4401661059269334,-1.5434920584300342,-1.010896548394097,-1.2166053629925424
371,-0.7813510810764571,-1.0262797137598505,0.054602266199616646,-0.483252061592501,0.4401661059269334,0.0700765995128099,-0.28483426493939196,-0.156752732289447
559,1.3298203636148058,0.4579308020363973,1.0380388884061322,1.2606505106109358,0.999102623833198,0.6606523216407821,1.7759042121333815,0.5543797137134474
162,0.2742346412691743,-0.43202971010298924,-0.9662986919833793,-1.361348945378055,-0.6186237885721682,-0.33484490780397597,-0.9820270077485759,-0.3110842201077095
67,-0.7813510810764571,0.572703209170494,1.4127717803552187,0.20714550344045787,0.49927197610949775,0.0700765995128099,1.0235614992631377,-0.1901098571298064
124,-0.7813510810764571,-0.8705926954520273,-0.28447185465545705,0.34302029713936366,-1.0065921107106377,-1.385688658700158,-1.5324320200976138,-1.4193046614331142
39,-0.7813510810764571,1.210040969309664,1.7429992403270869,-0.280812163135549,0.639043628512713,-0.9371849193421629,-0.40658855511037045,-0.2729143779853729
4,0.2742346412691743,-1.5268627096810437,-0.9662986919833793,-1.8941693901287948,-0.45599745818110343,1.0864259514296217,0.6784402645622987,0.45318905985969216
33,-0.7813510810764571,-1.3539945504359692,0.2042844884969822,-0.483252061592501,-0.5350993118889239,0.7776004712014443,0.13718541187012648,0.38423791595270046
436,-0.7813510810764571,-1.0262797137598505,-1.7429530323436968,-0.280812163135549,-1.8357733748140537,-2.2470674463030504,-1.588333240707915,-3.3696559452810018
99,1.3298203636148058,0.4579308020363973,-0.48125232293607584,-0.10162439253395274,-0.2416430117379817,0.10161288474802627,0.39128688131615574,-0.26649455127403254
510,0.2742346412691743,-1.5268627096810437,-0.7045532984641972,-1.361348945378055,-0.8007310426437118,1.2596204791279857,0.8740455533308659,0.196500646846754
236,0.2742346412691743,-0.030362291605246557,-0.48125232293607584,-0.7177089818943599,-0.45599745818110343,0.13266140874867377,-1.16260742846261,0.20654436452745048
314,2.385406085960437,-0.43202971010298924,-1.2905770018188305,-0.10162439253395274,-0.3809382431385099,0.3654108988012694,0.17927703951902094,0.07611813708876876
495,0.2742346412691743,1.4054177280386984,-0.48125232293607584,0.34302029713936366,-0.11495192108281711,-0.27687411543455565,0.2875527820364495,-0.5717292409418266
289,-0.7813510810764571,-0.7198642410466021,0.5987904344492325,-0.280812163135549,0.05530665630457109,-0.4777048536458359,-0.19454181246541496,-0.3100003511609735
339,-0.7813510810764571,-0.8705926954520273,-0.48125232293607584,-0.9996753848656023,-0.45599745818110343,0.7546928020458018,-0.61830958043551,0.6144790013418727
414,0.2742346412691743,-0.7198642410466021,-1.2905770018188305,0.0597994764890157,-0.3809382431385099,1.4473225691367975,0.9450485838768474,0.6989860189478732
186,-0.7813510810764571,0.6848396287077676,0.9353524705498827,1.4937405999928413,0.3821596524785762,0.8449682225996278,1.1315714735900113,0.6510554913047994
382,0.2742346412691743,0.572703209170494,-0.9662986919833793,0.6988243630480062,0.49927197610949775,0.953031412893666,1.51324330181801,0.5559212308437481
631,1.3298203636148058,1.6848012885512569,1.32384869561555,1.898029418149199,1.6354005034814372,0.7431511853689063,1.9178765335119812,1.6399366621960871
260,-0.7813510810764571,1.4054177280386984,1.0380388884061322,-1.361348945378055,-0.30958601588471946,1.716731187326137,0.8923153358668429,1.0349451722905645
549,1.3298203636148058,0.7944642806774166,0.7163042504200362,0.587564984067492,0.4401661059269334,1.8674116952869233,1.7540556374308716,2.5437529106204853
460,-0.7813510810764571,0.572703209170494,0.2042844884969822,-1.8941693901287948,-1.1201443404426752,-0.9938403589632229,-1.0010221165181654,-1.2611252182990076
200,-0.7813510810764571,-0.8705926954520273,-0.7045532984641972,0.0597994764890157,-1.372991280446223,-0.9652622418729204,-1.0475142617335083,-1.339965155828473
666,0.2742346412691743,1.1093838978977206,1.5825952383653183,0.9038862865729667,1.7531149137734636,0.6365088503535575,1.2714345750210405,2.0176383609185122
78,-0.7813510810764571,-0.1605536573186756,0.9353524705498827,-0.9996753848656023,0.10749885141649629,-1.462388600681498,-1.2630812239446145,-0.9732742917710362
509,-0.7813510810764571,1.0066324127344364,1.4127717803552187,0.587564984067492,1.3158669172168063,-0.20227921627763853,-0.10625599436555964,1.0361166457113817
42,0.2742346412691743,0.9016926749262859,0.054602266199616646,1.6365529514442165,0.29719619493767974,-0.8294943108106261,0.06353039794965984,-0.7649300755282201
133,-0.7813510810764571,0.572703209170494,1.2319424648959836,1.4187653577187784,0.9263010447601661,0.6963825233185842,0.9961737026390697,1.1688712268986083
488,0.2742346412691743,0.0964048954620295,-1.7429530323436968,1.0899204866349537,-1.0065921107106377,0.8449682225996278,0.7754177306437523,-0.4236100397132774
568,1.3298203636148058,-1.0262797137598505,-0.28447185465545705,-0.483252061592501,0.3404205451005691,1.3328106223907967,1.0995484880923014,1.1444471889716232
250,0.2742346412691743,1.3086914652461112,1.6638900511737849,1.1770113121705652,2.010254136360294,0.3654108988012694,1.314456616366337,2.1128709611979426
639,-0.7813510810764571,0.21993203385948543,0.054602266199616646,1.1770113121705652,0.2523955477412098,0.19336450851408493,0.6258683327858914,0.12978570746625873
434,0.2742346412691743,-0.030362291605246557,0.3438741458123867,1.0899204866349537,0.8204732389507959,1.2221894762294974,1.7028961127629532,1.1561124497058914
379,-0.7813510810764571,-1.1872814398109017,0.47496792475826144,-0.10162439253395274,-0.8007310426437118,-1.4235237983155506,-0.9042368268363284,-1.7325673522629237
192,-0.7813510810764571,0.21993203385948543,0.47496792475826144,-1.8941693901287948,-0.45599745818110343,0.3791280826185738,-0.06834040361492404,0.1555930894766729
445,-0.7813510810764571,2.200741808698063,0.5987904344492325,1.4187653577187784,0.9008348428236407,0.8449682225996278,1.6814791201035295,0.799802377790182
355,1.3298203636148058,0.7944642806774166,0.054602266199616646,-0.10162439253395274,0.8204732389507959,0.7889679241293508,-0.7519599442519005,1.5148359641055464
335,-0.7813510810764571,-0.2943697773373074,0.5987904344492325,-0.9996753848656023,0.7335294946805504,-1.2099548531939288,-1.8680786484299157,-0.19658387172154063
524,-0.7813510810764571,-1.5268627096810437,-0.9662986919833793,-0.280812163135549,-1.5145958303710132,-0.49906985430681905,-0.4556272574645687,-1.280884383758752
388,-0.7813510810764571,-0.43202971010298924,0.054602266199616646,0.4693415285126722,-0.9003753775790176,-0.7531017434228325,-1.1650767010010123,-0.8109356359884511
438,0.2742346412691743,-0.2943697773373074,0.2042844884969822,-0.9996753848656023,0.4615109684268191,-1.0828052656982978,0.10334723643022439,-1.0798579837576072
157,-0.7813510810764571,2.034575211740111,0.3438741458123867,-0.9996753848656023,-0.45599745818110343,0.8227328859199631,0.5433008461192301,0.2716189100590919
679,-0.7813510810764571,0.0964048954620295,1.2319424648959836,-0.483252061592501,0.3404205451005691,-1.3128626308419136,-1.836026062911261,-0.5555569649514807
449,-0.7813510810764571,-0.43202971010298924,-0.9662986919833793,-0.9996753848656023,-1.0065921107106377,0.9948870916911166,0.6512723052933398,-0.07310338606100301
672,-0.7813510810764571,-0.030362291605246557,-0.10731813776223618,-1.361348945378055,0.4401661059269334,-2.1758723904847903,-2.382979168694212,-2.1992386689552377
526,-0.7813510810764571,1.0066324127344364,0.47496792475826144,0.34302029713936366,1.1304816111934424,-0.41509634393480427,-0.6718757787681101,0.7525978295055857
102,-0.7813510810764571,-0.1605536573186756,0.2042844884969822,0.0597994764890157,-0.5350993118889239,-0.5425864452165828,-0.11250536082158642,-0.9404226762210074
52,-0.7813510810764571,1.3086914652461112,1.1367784896796922,1.2606505106109358,0.702925133132149,0.5997915690061139,1.2173587656216682,0.6567688613386975
467,0.2742346412691743,-1.0262797137598505,-0.10731813776223618,-1.361348945378055,-0.055754000005684624,-0.8824523687078665,-1.122100337594126,-0.47972960986171737
554,-0.7813510810764571,0.6848396287077676,1.5825952383653183,1.4937405999928413,0.49927197610949775,-0.45659220484878316,0.08853798905177782,-0.06405565724626552
346,0.2742346412691743,-1.5268627096810437,-0.7045532984641972,-1.8941693901287948,-1.372991280446223,-0.9095879986359081,-0.7859801131626311,-1.4533028847239857
97,-0.7813510810764571,0.7944642806774166,0.9353524705498827,0.20714550344045787,0.702925133132149,-0.23920632594450203,0.04876875001552032,0.3844016697958164
385,-0.7813510810764571,1.5002970565584224,-0.7045532984641972,0.587564984067492,-0.5350993118889239,1.4559181348364643,0.4415433155465859,0.844927125638336
128,-0.7813510810764571,-2.0877150893316148,-0.28447185465545705,-1.361348945378055,-0.707003049163118,0.05411976517254394,-0.7673092496569794,-0.06512354131107831
177,0.2742346412691743,-0.8705926954520273,0.054602266199616646,-0.9996753848656023,-0.055754000005684624,-0.29599701933172035,-0.7843096150164176,0.008816179559361207
110,1.3298203636148058,1.210040969309664,-0.9662986919833793,-0.280812163135549,0.20591950554940663,-0.7531017434228325,-0.5776279726853188,-0.3339123821406081
522,-0.7813510810764571,-0.8705926954520273,-0.48125232293607584,0.0597994764890157,-1.372991280446223,-0.9652622418729204,-0.9711588261194577,-1.3872331693513316
437,1.3298203636148058,0.6848396287077676,1.32384869561555,0.9038862865729667,2.0950981747569117,-0.3745299325369818,1.3149438278416363,1.4007674900417133
440,-0.7813510810764571,0.6848396287077676,1.6638900511737849,-1.361348945378055,1.6119810177029825,0.800278701027906,1.8419026103469283,1.7209250781096872
500,1.3298203636148058,-1.8931222660741807,-1.7429530323436968,-1.361348945378055,-1.5145958303710132,-0.16605903928454369,-0.5417507475545158,-0.8041921185105534
142,1.3298203636148058,0.7944642806774166,1.1367784896796922,1.5662763091140628,1.9446240938559867,-0.8824523687078665,0.3509629126445761,0.9242294005388918
680,-0.7813510810764571,-0.5737733612853833,0.054602266199616646,-0.9996753848656023,-0.11495192108281711,1.7856000405911245,0.2635636309067791,1.4307971606558696
6,-0.7813510810764571,0.572703209170494,1.4989507729401716,0.34302029713936366,0.4401661059269334,2.152237240576704,1.4665030920677786,2.4597032396559344
267,1.3298203636148058,-0.43202971010298924,0.3438741458123867,0.0597994764890157,0.9008348428236407,0.800278701027906,1.24390770002355,1.1142659982066947
541,-0.7813510810764571,-1.1872814398109017,0.47496792475826144,-0.9996753848656023,-0.17684401628318158,-0.8036391551081009,-1.6121746559015069,-0.3877651992552772
237,0.2742346412691743,-0.2943697773373074,-0.9662986919833793,0.587564984067492,-2.0194202667280354,0.0700765995128099,-1.658362999030759,-0.48930824811716384
417,-0.7813510810764571,1.0066324127344364,-0.48125232293607584,-0.9996753848656023,-0.3809382431385099,-0.8294943108106261,-2.228993330613709,-0.4618249037127496
58,1.3298203636148058,0.6848396287077676,1.32384869561555,-0.10162439253395274,1.6119810177029825,-1.5023523648100137,0.49643517156012956,-0.6943259765496024
232,0.2742346412691743,0.4579308020363973,0.2042844884969822,1.0899204866349537,0.15765998727461977,-2.6984104945340164,-2.6235353876144973,-2.194639623683143
638,0.2742346412691743,0.7944642806774166,-0.10731813776223618,-1.361348945378055,-1.372991280446223,-0.4357249281431734,-1.6232006921267608,-0.6396479288503857
587,-0.7813510810764571,1.210040969309664,1.2319424648959836,-1.8941693901287948,0.9754109977540774,0.8449682225996278,0.9907367604526766,1.3715213392379708
203,0.2742346412691743,0.21993203385948543,-1.7429530323436968,1.1770113121705652,-0.30958601588471946,0.16323975049045109,-0.8582797618880605,0.2696647273463092
472,-0.7813510810764571,1.1093838978977206,0.7163042504200362,-0.7177089818943599,0.4401661059269334,0.16323975049045109,-0.7879176163041849,0.29771040853949293
284,-0.7813510810764571,-0.7198642410466021,0.3438741458123867,-1.8941693901287948,-0.707003049163118,0.7198887844935106,0.18350678001752424,0.19361801272163415
537,0.2742346412691743,-0.2943697773373074,-0.28447185465545705,-0.280812163135549,0.3821596524785762,0.8449682225996278,0.6886906741716319,0.9196128789627356
2,-0.7813510810764571,0.6848396287077676,1.0380388884061322,0.0597994764890157,0.4401661059269334,-0.609947935160526,-0.023765223507522307,0.08367843436547416
686,1.3298203636148058,0.0964048954620295,-1.2905770018188305,-0.483252061592501,-1.2419258204889905,-0.13051441456111565,-0.02684991536855713,-1.0198690397226824
217,0.2742346412691743,0.7944642806774166,1.5825952383653183,1.5662763091140628,2.0171745875177742,0.5116456291550631,1.2862860170842718,2.27882044925812
46,-0.7813510810764571,0.0964048954620295,0.8282815441270626,0.9990192843855589,0.0009412280633115605,-0.8557600925589399,-0.6297241480638499,-0.5757637588021274
671,-0.7813510810764571,-1.0262797137598505,-1.7429530323436968,0.0597994764890157,-1.5145958303710132,0.5874150129640295,-0.36915987786894683,-0.15899834406825555
225,-0.7813510810764571,-1.7063843689593408,-0.28447185465545705,-0.9996753848656023,-1.6682468557173953,-0.13051441456111565,-0.9280220372968017,-0.6694340959926538
18,-0.7813510810764571,0.572703209170494,-0.10731813776223618,0.34302029713936366,0.9511515570499759,-0.5647536723626226,-0.39928125551554994,0.4009453726747191
168,2.385406085960437,0.7944642806774166,0.9353524705498827,-0.7177089818943599,0.42249734954169177,-1.8731733753702426,-0.799147503711326,-1.589409348131843
682,2.385406085960437,0.21993203385948543,-1.2905770018188305,1.1770113121705652,-0.30958601588471946,0.41975411921405675,-0.8697671578727069,0.4776833409427324
292,0.2742346412691743,1.7745590353425278,1.4127717803552187,1.7709527916337888,2.107238132056697,-1.385688658700158,0.18190867304108874,0.5648827698265705
507,-0.7813510810764571,-1.3539945504359692,0.3438741458123867,-0.9996753848656023,-1.2419258204889905,-1.1450628293727538,-1.7493494631229602,-1.2102105413854758
693,1.3298203636148058,-1.8931222660741807,-1.7429530323436968,-0.9996753848656023,-1.2419258204889905,-0.8036391551081009,-1.1879039468083785,-1.0275842833048623
527,-0.7813510810764571,0.9016926749262859,-0.7045532984641972,0.4693415285126722,-0.8007310426437118,0.2954483097866752,-0.2502851079913122,-0.06833983720353845
328,-0.7813510810764571,-0.7198642410466021,-1.2905770018188305,0.20714550344045787,-0.2416430117379817,-0.11298622009876906,-1.4512813792779904,0.1570266451180273
283,0.2742346412691743,-0.7198642410466021,-1.2905770018188305,0.0597994764890157,-0.707003049163118,0.26679289534189393,-0.38978556260651026,0.014008185964032787
648,-0.7813510810764571,1.0066324127344364,0.5987904344492325,1.1770113121705652,0.10749885141649629,-2.1088563166197876,-1.3425007719567978,-1.8327559344632114
538,0.2742346412691743,0.9016926749262859,1.32384869561555,1.6365529514442165,1.0669847158279087,0.14800829290784395,0.5940844528555921,0.9320255084684598
523,-0.7813510810764571,1.5002970565584224,1.2319424648959836,1.5662763091140628,1.0669847158279087,-1.2434750223475508,0.48514181054158145,-1.1351069430764902
372,-0.7813510810764571,1.0066324127344364,0.2042844884969822,0.587564984067492,0.4615109684268191,-1.2099548531939288,-0.23613902400966819,-0.9178988473167115
93,0.2742346412691743,-0.2943697773373074,-1.7429530323436968,-0.10162439253395274,-1.5145958303710132,-0.5425864452165828,-0.9435890606328079,-0.9928707279726126
213,1.3298203636148058,0.0964048954620295,-0.28447185465545705,-0.7177089818943599,0.10749885141649629,-0.6329929984569984,-0.3714192829686973,-0.35938462734539045
258,1.3298203636148058,1.7745590353425278,1.1367784896796922,1.7709527916337888,1.3648899212053718,-0.8824523687078665,1.0594448696343346,-0.7060652227042705
337,-0.7813510810764571,0.572703209170494,1.4989507729401716,0.6988243630480062,0.20591950554940663,-0.07840072473485082,-0.11580631238224044,0.20221478976906385
291,-0.7813510810764571,-0.1605536573186756,0.3438741458123867,0.20714550344045787,-0.17684401628318158,-0.609947935160526,-0.5095644410427431,-0.4752918116468556
422,-0.7813510810764571,1.5002970565584224,-0.7045532984641972,0.0597994764890157,-0.8007310426437118,-0.29599701933172035,-0.12702520574730047,-0.7958403678800647
106,-0.7813510810764571,1.9493901170195573,0.3438741458123867,1.2606505106109358,0.639043628512713,0.3791280826185738,0.7985186352337853,0.6286084367456684
115,0.2742346412691743,-1.3539945504359692,-0.48125232293607584,-0.10162439253395274,-0.11495192108281711,-0.6800275332305712,-0.41612552067404224,-0.5584055572987923
670,0.2742346412691743,-1.7063843689593408,-0.7045532984641972,-0.483252061592501,-0.8007310426437118,-0.4357249281431734,-0.4171909373205297,-0.7491939269429482
695,0.2742346412691743,0.21993203385948543,-0.10731813776223618,0.9990192843855589,-0.5350993118889239,-0.8294943108106261,-1.044121304958505,-0.7290589316322622
404,-0.7813510810764571,-0.030362291605246557,1.32384869561555,0.4693415285126722,-0.055754000005684624,0.8888022078659287,0.8394283747712584,0.48141757987973993
36,0.2742346412691743,-0.5737733612853833,0.47496792475826144,-0.483252061592501,-1.0065921107106377,0.9635658038936553,0.44599151450849817,0.06562574797517663
453,-0.7813510810764571,0.572703209170494,-1.7429530323436968,0.20714550344045787,0.20591950554940663,-0.13051441456111565,0.17975000540424693,0.005868565090892973
392,-0.7813510810764571,-0.1605536573186756,-0.9662986919833793,0.9038862865729667,0.42249734954169177,-1.2777631989222826,-0.4605565864853276,-0.881315234523387
204,1.3298203636148058,-0.7198642410466021,0.054602266199616646,-1.361348945378055,0.999102623833198,-0.609947935160526,-0.38620556029400105,0.39327561007806255
244,1.3298203636148058,-1.0262797137598505,-0.7045532984641972,-0.483252061592501,0.0009412280633115605,0.6486134769955216,0.5700497379844575,0.4521563793934812
221,1.3298203636148058,1.5002970565584224,-1.7429530323436968,1.898029418149199,-1.372991280446223,0.3237145140480979,-0.03080328033709472,-0.5252999662795937
246,-0.7813510810764571,0.572703209170494,1.0380388884061322,1.0899204866349537,0.20591950554940663,-1.8206681379068703,-1.5364856580913564,-1.2633543330805201
432,-0.7813510810764571,0.6848396287077676,0.3438741458123867,-0.483252061592501,1.0222484265784653,-0.3745299325369818,-0.09725039704376982,0.5812816185063121
464,-0.7813510810764571,1.5002970565584224,-1.7429530323436968,1.6365529514442165,-0.30958601588471946,1.5403057439569612,1.0820564892725288,0.7587601183896621
506,-0.7813510810764571,1.862736164316363,1.4127717803552187,1.7709527916337888,0.4401661059269334,-0.8036391551081009,-0.6997655394087001,0.6895069597488492
351,-0.7813510810764571,-1.8931222660741807,-1.2905770018188305,-0.7177089818943599,0.4401661059269334,1.2127411874154597,-0.07851821694156116,0.17159788742248733
249,0.2742346412691743,0.0964048954620295,0.47496792475826144,1.0899204866349537,1.587863511178892,0.6486134769955216,1.7280244161652527,1.5767957334378089
122,2.385406085960437,-0.030362291605246557,-0.10731813776223618,-0.7177089818943599,-0.5350993118889239,2.4465247665582095,0.7816792531356416,1.4840561173849154
593,-0.7813510810764571,-0.43202971010298924,0.054602266199616646,-0.9996753848656023,-1.2419258204889905,0.5244586263709061,-1.7104226999666974,0.16869624358617324
164,0.2742346412691743,0.0964048954620295,-1.2905770018188305,0.20714550344045787,-0.8007310426437118,0.5498598361760612,-0.3570173825077441,0.1955304795778682
629,-0.7813510810764571,-1.3539945504359692,-0.10731813776223618,-0.10162439253395274,-1.0065921107106377,1.359707143918759,0.9148491592630531,0.0900552492214245
565,2.385406085960437,1.5002970565584224,0.9353524705498827,0.4693415285126722,0.9008348428236407,1.0052352068640331,1.7417311533926487,0.957064075152753
576,-0.7813510810764571,-1.5268627096810437,0.2042844884969822,-1.8941693901287948,-1.6682468557173953,-0.5872045708420308,-0.3899460055256511,-1.617958704309956
239,-0.7813510810764571,0.572703209170494,-0.10731813776223618,1.3411462437714552,0.3404205451005691,1.3328106223907967,1.033751534155896,1.1782232246898545
83,2.385406085960437,0.0964048954620295,-0.48125232293607584,1.0899204866349537,-0.3809382431385099,0.3516038577470855,0.7092853967708609,-0.4112629855740748
459,-0.7813510810764571,-0.5737733612853833,0.47496792475826144,-0.9996753848656023,-1.372991280446223,-0.8824523687078665,-0.8402057513296675,-1.3730296927336119
295,-0.7813510810764571,1.210040969309664,0.47496792475826144,0.9038862865729667,0.702925133132149,-0.6329929984569984,0.05477414009127203,-0.06930346794841569
589,0.2742346412691743,-0.7198642410466021,-0.7045532984641972,-0.10162439253395274,-0.6186237885721682,-0.4777048536458359,-0.44002205251881976,-0.6622904033447063
70,0.2742346412691743,-0.030362291605246557,-0.7045532984641972,0.20714550344045787,-1.1201443404426752,1.6058622614083575,0.44064416885599467,0.586085145979269
433,0.2742346412691743,-0.7198642410466021,-1.7429530323436968,0.20714550344045787,-1.0065921107106377,0.5997915690061139,0.1554148320543324,-0.11276652034502357
397,-0.7813510810764571,1.593402112872846,0.5987904344492325,-0.280812163135549,0.4401661059269334,0.2230513741796766,0.9996739126136096,-0.3138855916595567
98,0.2742346412691743,-0.7198642410466021,-0.48125232293607584,0.34302029713936366,-1.372991280446223,-0.4357249281431734,-0.23095636750237322,-1.3437960455539413
483,0.2742346412691743,-1.3539945504359692,-0.10731813776223618,-0.9996753848656023,-0.6186237885721682,-0.8557600925589399,-2.0387719617187,-0.6146311723200326
643,0.2742346412691743,-0.8705926954520273,-0.28447185465545705,-0.10162439253395274,-0.707003049163118,-1.3488205437561072,-0.8340398784957994,-1.609192835405415
359,1.3298203636148058,-2.0877150893316148,-1.7429530323436968,-1.361348945378055,-0.6186237885721682,-0.16605903928454369,0.5252047640390862,-1.4253043417841946
30,-0.7813510810764571,1.210040969309664,-0.7045532984641972,0.9990192843855589,-1.2419258204889905,-1.6748786579614114,-1.7493494631229602,-1.7927060892774893
340,-0.7813510810764571,1.3086914652461112,-0.10731813776223618,1.3411462437714552,-0.2416430117379817,0.5116456291550631,0.7832467591630581,-0.11441434980390716
582,-0.7813510810764571,0.21993203385948543,0.3438741458123867,-1.361348945378055,0.2523955477412098,0.1783578263049601,0.7782516141812432,-0.03166689477315446
127,0.2742346412691743,-0.7198642410466021,0.3438741458123867,-0.7177089818943599,0.05530665630457109,-2.045478883401095,-1.60820091639586,-1.6315668626380937
584,2.385406085960437,-1.3539945504359692,-1.7429530323436968,-1.361348945378055,-1.5145958303710132,2.331195753192683,1.1348208478284398,0.507031977490506
1,-0.7813510810764571,-1.0262797137598505,0.47496792475826144,-0.10162439253395274,-0.2416430117379817,1.0864259514296217,0.4129005427910843,0.7513335348571171
408,-0.7813510810764571,-0.43202971010298924,0.8282815441270626,0.6988243630480062,-0.5350993118889239,-0.728392041452862,-1.1229895273699382,-0.6032697961748491
27,-0.7813510810764571,1.0066324127344364,1.895230740193789,1.4937405999928413,1.0222484265784653,1.0257958465543497,0.07344248423602656,1.7899439540954567
89,0.2742346412691743,-1.7063843689593408,-1.7429530323436968,-1.361348945378055,-1.6682468557173953,1.9539003464333204,0.8122361405063498,0.30426598263438437
308,-0.7813510810764571,-1.1872814398109017,0.47496792475826144,-1.361348945378055,-0.707003049163118,-0.27687411543455565,0.37269332796839755,-1.4328974427251
73,1.3298203636148058,1.0066324127344364,-1.2905770018188305,-0.280812163135549,0.4401661059269334,0.2954483097866752,0.5181859629713744,-0.496451426353903
184,2.385406085960437,-0.8705926954520273,-1.7429530323436968,0.0597994764890157,-0.3809382431385099,1.693367720659426,0.45618908748372156,1.1327918109860744
171,-0.7813510810764571,-0.43202971010298924,-0.48125232293607584,0.4693415285126722,-0.45599745818110343,0.3927567885245398,-0.9586630377314909,0.3855897301100347
676,0.2742346412691743,-1.1872814398109017,0.2042844884969822,-1.361348945378055,0.2523955477412098,0.4596191642432839,-0.6060459704090612,0.8262263493096033
552,0.2742346412691743,-0.2943697773373074,0.7163042504200362,-0.7177089818943599,0.999102623833198,1.174575690250221,1.8719856885568753,1.197869824062149
530,-0.7813510810764571,0.34038857069884054,-0.10731813776223618,0.4693415285126722,-0.2416430117379817,0.44641328152248794,0.6294593250736493,-0.041636164406306214
455,-0.7813510810764571,-0.5737733612853833,-1.7429530323436968,0.587564984067492,-1.6682468557173953,0.48578951242855894,-0.923183089157782,-0.15001352554775588
91,-0.7813510810764571,-1.3539945504359692,-1.2905770018188305,-0.10162439253395274,-2.0194202667280354,0.40629836269062414,-0.7574857793024505,-0.4167446614831448
533,-0.7813510810764571,-0.7198642410466021,0.3438741458123867,0.20714550344045787,-0.30958601588471946,-0.07840072473485082,-1.4574802496335952,0.1483896733911968
370,-0.7813510810764571,-0.030362291605246557,0.8282815441270626,0.587564984067492,0.6714441934156619,0.14800829290784395,0.7260715176407557,0.44033144683899217
603,2.385406085960437,0.7944642806774166,0.3438741458123867,0.8040214118622065,0.5358465352445388,-0.728392041452862,-0.61881748139642,-0.04875880854266317
125,-0.7813510810764571,0.7944642806774166,0.054602266199616646,0.587564984067492,0.3821596524785762,-0.8824523687078665,-0.21366396476506597,-0.5293490653464802
678,-0.7813510810764571,-0.030362291605246557,0.3438741458123867,0.20714550344045787,0.5712960007495297,0.10161288474802627,-0.6536077111641104,0.7634874295966577
410,0.2742346412691743,1.210040969309664,1.5825952383653183,1.835347199463337,1.9213015569718022,-1.3128626308419136,1.0407490509742976,-0.370050715188607
315,-0.7813510810764571,0.21993203385948543,-0.48125232293607584,0.9990192843855589,-1.6682468557173953,1.0864259514296217,-0.46818652255287296,0.2006047892635339
376,2.385406085960437,-0.030362291605246557,0.054602266199616646,0.9990192843855589,0.2523955477412098,-0.41509634393480427,0.07200631772665396,-0.22791242142594173
12,-0.7813510810764571,1.862736164316363,1.8200691015502186,0.9038862865729667,1.0222484265784653,0.20826173075835258,1.4930500567689586,0.2225055088640706
604,-0.7813510810764571,-1.1872814398109017,-0.7045532984641972,-0.280812163135549,-0.3809382431385099,1.808162979460203,1.027958846902284,0.9868879690849501
696,0.2742346412691743,-0.7198642410466021,-0.10731813776223618,-0.483252061592501,-1.1201443404426752,0.41975411921405675,-0.7610553519042761,0.021719351671393043
699,-0.7813510810764571,0.34038857069884054,0.7163042504200362,0.9038862865729667,0.4401661059269334,0.811533469780222,1.204375722881687,0.5938388325074375
516,-0.7813510810764571,0.572703209170494,1.6638900511737849,0.34302029713936366,1.20910174412925,0.7661756616913804,1.4360754199702928,1.3453298096869546
556,1.3298203636148058,-0.030362291605246557,0.054602266199616646,-1.8941693901287948,-0.5350993118889239,-1.6296529578747316,-1.618135023435309,-1.4327675378410687
238,0.2742346412691743,0.34038857069884054,0.5987904344492325,-0.483252061592501,1.2460805581955023,-1.1450628293727538,-0.2967818369193754,-0.006005393400725895
114,-0.7813510810764571,-0.030362291605246557,1.1367784896796922,1.7709527916337888,1.0222484265784653,-0.01102325282937185,0.7211115179048403,0.6452627662421478
557,2.385406085960437,1.862736164316363,0.8282815441270626,1.1770113121705652,2.4452278963113803,-0.16605903928454369,2.1966920681069526,1.897140040529744
309,-0.7813510810764571,0.7944642806774166,-0.48125232293607584,1.3411462437714552,-0.707003049163118,0.2230513741796766,0.17487273201993395,-0.3253987819141897
409,-0.7813510810764571,0.572703209170494,0.47496792475826144,-0.483252061592501,-0.2416430117379817,-0.7781796701644484,-1.3227694913578252,-0.4439367436543865
143,-0.7813510810764571,-0.43202971010298924,0.5987904344492325,0.20714550344045787,-0.707003049163118,0.0700765995128099,-1.5291922774005244,0.06645266826837108
601,-0.7813510810764571,0.7944642806774166,1.8200691015502186,0.6988243630480062,1.380649618044669,0.7315500910690704,2.0656064152385003,1.0110134956268455
14,-0.7813510810764571,1.5002970565584224,1.6638900511737849,0.9990192843855589,1.6119810177029825,0.0700765995128099,1.429435629645752,1.0914061838883276
658,-0.7813510810764571,1.6848012885512569,-0.48125232293607584,-0.483252061592501,-0.9003753775790176,0.5498598361760612,-1.5301327865705825,0.331846309283402
54,0.2742346412691743,0.6848396287077676,-0.7045532984641972,-0.9996753848656023,-0.45599745818110343,0.13266140874867377,-0.41497262578830674,0.0528628345351612
430,-0.7813510810764571,-0.030362291605246557,0.7163042504200362,-0.280812163135549,0.4401661059269334,1.762843128582196,2.262051309240824,1.7278565088814837
208,-0.7813510810764571,0.21993203385948543,0.9353524705498827,0.587564984067492,1.3488454738243592,-0.25794542742510607,0.6768615043788829,0.7643262442704707
344,0.2742346412691743,1.1093838978977206,1.32384869561555,-0.483252061592501,1.2277745884291644,0.6606523216407821,1.6454554366929643,1.0909799796787478
131,-0.7813510810764571,-0.1605536573186756,-0.28447185465545705,0.4693415285126722,-1.5145958303710132,0.5997915690061139,0.10540846238433178,-0.41785030307017174
380,-0.7813510810764571,-0.8705926954520273,0.7163042504200362,0.0597994764890157,0.4615109684268191,-0.16605903928454369,0.7146435352023777,-0.22728129556923643
174,-0.7813510810764571,-0.1605536573186756,-0.10731813776223618,0.9038862865729667,-1.1201443404426752,-0.20227921627763853,-0.39349478350531364,-0.7011722037344729
550,-0.7813510810764571,-0.2943697773373074,-1.7429530323436968,-0.483252061592501,-1.2419258204889905,-1.3128626308419136,-1.0400000964160678,-1.733524137811415
191,-0.7813510810764571,-0.5737733612853833,-1.2905770018188305,0.20714550344045787,-1.6682468557173953,0.3516038577470855,-0.14891919162628872,-0.593028596420874
270,0.2742346412691743,1.7745590353425278,1.6638900511737849,1.6365529514442165,1.8196138473994332,-0.18408277521592986,1.5495497396385918,0.9991402851441525
407,1.3298203636148058,0.9016926749262859,-1.7429530323436968,0.34302029713936366,1.0222484265784653,-0.3745299325369818,-0.9939137994026823,0.7356587530880087
610,0.2742346412691743,0.7944642806774166,-0.48125232293607584,0.9038862865729667,-0.6186237885721682,1.2688893293223655,0.488312633727987,0.6084234497402841
123,-0.7813510810764571,-0.43202971010298924,-0.9662986919833793,-0.483252061592501,-1.0065921107106377,0.5749681803714632,0.20276744568808072,-0.17084892135570953
138,-0.7813510810764571,-0.7198642410466021,0.2042844884969822,0.4693415285126722,0.4401661059269334,-0.35458009685723857,-0.5574469841096171,-0.5801345534886075
640,-0.7813510810764571,0.7944642806774166,-1.2905770018188305,1.0899204866349537,-1.372991280446223,-0.8824523687078665,-1.109597360164636,-1.2111678879981322
51,-0.7813510810764571,1.3086914652461112,-1.2905770018188305,0.6988243630480062,-1.2419258204889905,0.7315500910690704,-0.0752570124691241,-0.006837485812117749
220,-0.7813510810764571,-0.8705926954520273,0.5987904344492325,-0.10162439253395274,-0.8007310426437118,-1.5434920584300342,-1.7345457515694234,-1.4323779229405096
112,1.3298203636148058,-2.0877150893316148,-1.7429530323436968,-0.9996753848656023,-0.8007310426437118,-0.16605903928454369,-0.04829737029109563,-0.6947628475950508
265,-0.7813510810764571,-0.1605536573186756,0.054602266199616646,-1.8941693901287948,-1.0065921107106377,-0.41509634393480427,-0.29936997473539795,-0.9552902009372191
275,0.2742346412691743,-1.0262797137598505,-1.2905770018188305,-1.8941693901287948,-1.2419258204889905,0.25231519811458425,-0.7442110541619013,-0.18219817522652165
272,1.3298203636148058,-1.0262797137598505,-0.10731813776223618,-0.483252061592501,-0.6186237885721682,0.26679289534189393,0.05270725040788118,-0.12761839570315672
342,0.2742346412691743,0.572703209170494,1.0380388884061322,1.3411462437714552,-0.17684401628318158,-0.7531017434228325,-0.6492079838974134,-0.5733534953717203
256,-0.7813510810764571,0.4579308020363973,1.32384869561555,1.3411462437714552,0.42249734954169177,-0.8557600925589399,-0.3350610704285018,-0.39038570646964216
182,1.3298203636148058,1.210040969309664,1.1367784896796922,1.4937405999928413,1.3325075191384315,-1.3128626308419136,0.03446786673589028,-0.3090992997534663
105,-0.7813510810764571,0.6848396287077676,0.2042844884969822,1.1770113121705652,-0.45599745818110343,-1.113620664455431,-0.44558142837514847,-1.4227910720608343
446,1.3298203636148058,-0.2943697773373074,-0.28447185465545705,0.34302029713936366,-0.9003753775790176,-0.8557600925589399,-0.8653760046343401,-1.043679109645511
689,-0.7813510810764571,-0.5737733612853833,-0.48125232293607584,-0.9996753848656023,-1.5145958303710132,0.30962927659664474,-1.1585024467695662,-0.17256555512790822
602,0.2742346412691743,0.9016926749262859,0.5987904344492325,-0.280812163135549,1.20910174412925,-0.33484490780397597,1.1596458954366216,0.046867577725133565
240,-0.7813510810764571,-0.5737733612853833,-0.48125232293607584,-0.483252061592501,-1.1201443404426752,1.1841736152630238,-0.5172974670878113,0.5542552806011071
230,1.3298203636148058,1.3086914652461112,0.3438741458123867,0.4693415285126722,0.9263010447601661,0.8779217949025881,0.5732154610799906,1.4879759223084803
153,-0.7813510810764571,-0.8705926954520273,0.2042844884969822,-0.10162439253395274,-0.30958601588471946,-0.25794542742510607,-0.3240899326580528,-0.26947849034781174
326,-0.7813510810764571,0.6848396287077676,0.7163042504200362,-0.10162439253395274,1.4696750245973573,1.096382189072057,1.1237824851262603,2.1182378997578653
205,1.3298203636148058,0.6848396287077676,1.2319424648959836,0.587564984067492,1.7823354632103225,-0.49906985430681905,1.0420044875245644,0.8580987107574867
458,-0.7813510810764571,1.6848012885512569,-1.2905770018188305,1.835347199463337,-0.6186237885721682,0.7661756616913804,0.7134557217870975,-0.07450805830653899
521,0.2742346412691743,-1.0262797137598505,-0.28447185465545705,-0.10162439253395274,-0.707003049163118,-0.33484490780397597,-0.1993800322675591,-0.7144985811994593
294,-0.7813510810764571,-0.43202971010298924,0.47496792475826144,0.6988243630480062,0.6056773606610945,0.1783578263049601,1.2860504905049999,-0.2569871663284424
150,0.2742346412691743,1.210040969309664,1.0380388884061322,0.9038862865729667,0.6714441934156619,1.16493946879652,0.5386902371366868,1.50460792882723
156,-0.7813510810764571,-0.1605536573186756,0.7163042504200362,0.587564984067492,-0.17684401628318158,0.3927567885245398,0.8417682072877869,-0.2930403013987588
465,-0.7813510810764571,-0.8705926954520273,-0.48125232293607584,-1.361348945378055,-1.8357733748140537,1.6618876383820738,0.19656891307873317,0.3273203125952583
163,-0.7813510810764571,-0.2943697773373074,0.2042844884969822,-0.10162439253395274,-0.6186237885721682,-0.9652622418729204,-0.8649418400634666,-1.002831312537072
167,-0.7813510810764571,0.572703209170494,-0.48125232293607584,0.34302029713936366,0.15765998727461977,-0.3947000554338471,0.2741582825645602,-0.45304375573014494
591,1.3298203636148058,-1.8931222660741807,-1.7429530323436968,-1.8941693901287948,-0.9003753775790176,-0.0444212954690841,-0.7534093027904051,-0.26115588208209867
206,-0.7813510810764571,-0.1605536573186756,0.054602266199616646,-0.10162439253395274,-0.6186237885721682,-0.49906985430681905,-0.431572837410341,-0.6922610146556161
188,-0.7813510810764571,0.21993203385948543,-1.2905770018188305,-0.483252061592501,-1.8357733748140537,0.10161288474802627,-0.6268468467779261,-0.6560164812268602
320,-0.7813510810764571,-1.5268627096810437,0.2042844884969822,-0.483252061592501,-0.8007310426437118,-0.728392041452862,-0.7339628119481472,-0.9053036431728568
324,0.2742346412691743,0.6848396287077676,-0.28447185465545705,0.6988243630480062,0.0009412280633115605,0.9948870916911166,0.5595461418695797,0.7940118813511297
145,0.2742346412691743,0.9016926749262859,-0.28447185465545705,-0.7177089818943599,0.29719619493767974,-1.1771629769574363,-0.7934557498756143,-0.6716233070147448
158,-0.7813510810764571,-0.1605536573186756,0.3438741458123867,-0.483252061592501,0.4401661059269334,0.7081665165504938,0.40329029377806674,0.2994044928267364
226,0.2742346412691743,-0.7198642410466021,0.47496792475826144,0.20714550344045787,0.42249734954169177,1.16493946879652,1.4293083754940563,0.8221100660425389
216,-0.7813510810764571,1.3086914652461112,0.9353524705498827,1.7709527916337888,0.0009412280633115605,0.23773526935061962,0.4038510187453274,0.10864393615209648
194,0.2742346412691743,-0.1605536573186756,0.8282815441270626,-0.9996753848656023,0.2523955477412098,-0.25794542742510607,-1.335845274430363,0.3176753798853807
202,2.385406085960437,1.5002970565584224,-0.7045532984641972,1.6365529514442165,0.4615109684268191,0.1783578263049601,0.09598900722546522,0.5816930175414234
298,0.2742346412691743,-1.3539945504359692,-0.48125232293607584,-0.280812163135549,-0.5350993118889239,-0.728392041452862,-0.421053265024672,-0.9266814499372699
590,-0.7813510810764571,1.7745590353425278,0.47496792475826144,-1.361348945378055,0.42249734954169177,0.6365088503535575,1.74717495572131,-0.8708071871367431
624,-0.7813510810764571,-0.7198642410466021,-0.10731813776223618,-0.483252061592501,0.4401661059269334,-0.6329929984569984,0.2675137931330333,-0.4357744803554465
546,0.2742346412691743,-0.43202971010298924,0.3438741458123867,0.20714550344045787,0.7335294946805504,0.6726262287141382,0.287517000791294,1.2064141287539087
535,-0.7813510810764571,-0.030362291605246557,1.0380388884061322,-1.8941693901287948,1.0886136072469024,0.6365088503535575,1.4401779208738308,1.0271833484757693
79,-0.7813510810764571,-0.030362291605246557,1.0380388884061322,0.4693415285126722,0.20591950554940663,-1.2434750223475508,-0.22400538943511886,-1.2645257978034188
389,-0.7813510810764571,-0.030362291605246557,0.8282815441270626,0.20714550344045787,0.8204732389507959,-0.4777048536458359,-0.015046432570962321,0.2573224772804907
563,0.2742346412691743,0.21993203385948543,0.5987904344492325,0.20714550344045787,0.6056773606610945,-2.1088563166197876,-1.0120520066487098,-1.6623294183620445
175,-0.7813510810764571,-1.1872814398109017,-0.10731813776223618,-1.8941693901287948,-1.0065921107106377,0.25231519811458425,-0.18034516921466395,-0.27024200649881225
628,-0.7813510810764571,-1.1872814398109017,-0.9662986919833793,-0.10162439253395274,-1.1201443404426752,1.3237798310169937,0.14104102455211975,0.4809867576107448
94,1.3298203636148058,0.7944642806774166,-0.9662986919833793,-1.8941693901287948,-2.0194202667280354,1.8527223720254486,0.7706096635829252,-0.010259308524811677
229,-0.7813510810764571,-1.7063843689593408,0.054602266199616646,-0.7177089818943599,-1.0065921107106377,0.7776004712014443,-0.03134709091822495,0.15482780995054138
519,0.2742346412691743,-0.7198642410466021,0.3438741458123867,-1.8941693901287948,0.49927197610949775,-1.927967252910976,-1.1102482853174316,-1.3829813041794734
280,-0.7813510810764571,-0.43202971010298924,0.5987904344492325,-0.10162439253395274,0.4401661059269334,-0.7781796701644484,-0.8174126690055251,-0.7104419280846874
540,-0.7813510810764571,-0.030362291605246557,1.1367784896796922,0.34302029713936366,0.5712960007495297,-0.18408277521592986,0.48907225621639316,0.08625841785537372
403,1.3298203636148058,-0.5737733612853833,-1.7429530323436968,0.20714550344045787,1.0448692189801592,2.09219906517575,1.484795937662127,2.359493052545359
531,1.3298203636148058,-1.8931222660741807,-1.2905770018188305,-0.7177089818943599,0.4401661059269334,0.7081665165504938,0.7788449079247854,-0.31937171822848565
228,0.2742346412691743,-1.8931222660741807,-1.7429530323436968,-0.7177089818943599,-1.2419258204889905,-0.5872045708420308,-1.2318130975521289,-0.7988425566116046
100,-0.7813510810764571,0.572703209170494,1.6638900511737849,0.34302029713936366,1.7531149137734636,-1.462388600681498,0.10790145945867499,-0.028155920602681957
290,0.2742346412691743,-1.7063843689593408,-0.7045532984641972,-0.483252061592501,-0.055754000005684624,-0.8824523687078665,-1.0449304997844033,-0.4990960150463888
623,-0.7813510810764571,0.4579308020363973,1.32384869561555,0.0597994764890157,0.4615109684268191,-0.29599701933172035,-0.4435259494168035,0.2834946837841429
366,3.4409918083060687,0.21993203385948543,-0.28447185465545705,0.6988243630480062,-1.2419258204889905,-0.09561610722624837,-0.16988685770885262,-0.8225073135664717
662,1.3298203636148058,-0.43202971010298924,-0.10731813776223618,0.20714550344045787,0.7632975463815876,-1.385688658700158,-0.6895926464919141,-0.6055974025607682
53,-0.7813510810764571,0.4579308020363973,-0.7045532984641972,1.2606505106109358,-0.707003049163118,-1.0828052656982978,-0.9024242641820925,-1.1816542793065836
227,2.385406085960437,0.6848396287077676,-0.28447185465545705,-0.10162439253395274,1.2460805581955023,-1.770236378487818,0.006686541337676917,-1.301107909836324
391,1.3298203636148058,-1.5268627096810437,-0.9662986919833793,-0.280812163135549,0.4401661059269334,-0.41509634393480427,-1.0189317138651917,-0.9849691882705469
675,0.2742346412691743,1.5002970565584224,2.2461775265626254,0.20714550344045787,1.6237758779776514,-0.41509634393480427,0.7257483415874797,0.9061895676481889
698,-0.7813510810764571,1.210040969309664,1.4127717803552187,1.5662763091140628,1.281639163298516,-0.0444212954690841,0.9329560990653513,0.7966166348744229
154,0.2742346412691743,-1.0262797137598505,-0.7045532984641972,-0.280812163135549,-0.11495192108281711,0.6365088503535575,0.5895700416149703,0.32723283778956525
251,-0.7813510810764571,-0.1605536573186756,0.8282815441270626,-0.7177089818943599,0.702925133132149,1.4559181348364643,1.1016999181530354,1.6062401978126633
499,0.2742346412691743,0.7944642806774166,-0.10731813776223618,-1.8941693901287948,0.05530665630457109,1.2964875927612154,1.6435581007747981,0.23792793139312113
475,0.2742346412691743,1.862736164316363,0.7163042504200362,1.0899204866349537,1.2640316108415586,-0.16605903928454369,0.11511257801628791,0.9707182149042992
271,-0.7813510810764571,-1.8931222660741807,-0.48125232293607584,-1.361348945378055,-1.8357733748140537,-2.1758723904847903,-1.907195211067496,-2.7037041094522833
44,-0.7813510810764571,-1.1872814398109017,-1.7429530323436968,-1.8941693901287948,-2.221978661200667,-0.20227921627763853,-0.9274106803986842,-0.9927471337772883
113,-0.7813510810764571,0.9016926749262859,0.7163042504200362,0.587564984067492,0.6714441934156619,1.4644845032247678,0.9803425919667856,1.6261081365863677
24,-0.7813510810764571,-2.0877150893316148,-1.2905770018188305,-0.9996753848656023,-1.8357733748140537,1.1552645852409493,-1.108548902901145,0.2931825032325224
211,-0.7813510810764571,1.1093838978977206,-0.28447185465545705,-0.7177089818943599,0.5712960007495297,0.05411976517254394,0.7753261956239953,0.16905081899648025
169,-0.7813510810764571,-0.030362291605246557,1.1367784896796922,0.34302029713936366,1.3158669172168063,-0.9938403589632229,0.6488729006346884,-0.35322464457333924
520,1.3298203636148058,0.0964048954620295,0.054602266199616646,-0.280812163135549,0.15765998727461977,0.8560053952014186,0.4274111499885656,0.8468446968463771
32,-0.7813510810764571,-1.0262797137598505,-0.9662986919833793,0.0597994764890157,-0.6186237885721682,-0.49906985430681905,-0.17823283379516786,-0.8826377658187071
109,0.2742346412691743,-0.030362291605246557,0.3438741458123867,0.8040214118622065,0.4615109684268191,0.2230513741796766,0.2246073754166255,0.5789670799009718
136,0.2742346412691743,-1.0262797137598505,-1.2905770018188305,-1.8941693901287948,-0.9003753775790176,0.5371963473770919,-0.9753623483703064,0.2636518941319881
330,-0.7813510810764571,-0.7198642410466021,-1.2905770018188305,-1.361348945378055,-1.5145958303710132,-2.2470674463030504,-2.613009846772446,-2.3357411506675647
222,1.3298203636148058,1.5002970565584224,1.2319424648959836,1.835347199463337,1.7531149137734636,0.48578951242855894,1.3308312988500353,1.8445953910066837
28,0.2742346412691743,-0.1605536573186756,0.7163042504200362,0.20714550344045787,0.8747268676914475,1.1937336040621518,1.2352721681168846,1.4902161822870839
287,0.2742346412691743,0.4579308020363973,-0.9662986919833793,1.0899204866349537,-1.0065921107106377,1.573293317133787,0.29832603003456537,0.6894589277218481
55,-0.7813510810764571,0.34038857069884054,-1.2905770018188305,-0.7177089818943599,-0.8007310426437118,0.8560053952014186,0.6860096714854548,-0.09918504459177375
615,-0.7813510810764571,0.21993203385948543,1.4989507729401716,0.9990192843855589,0.4401661059269334,-0.6329929984569984,0.17109730200197687,0.0909087598131651
663,-0.7813510810764571,0.4579308020363973,0.5987904344492325,0.8040214118622065,0.0009412280633115605,-0.11298622009876906,0.3423119219997616,-0.27759221670177336
48,0.2742346412691743,-1.7063843689593408,-1.7429530323436968,-0.9996753848656023,-1.1201443404426752,0.40629836269062414,-0.11376828711385355,-0.22273028892950392
685,-0.7813510810764571,0.0964048954620295,0.054602266199616646,-0.280812163135549,0.20591950554940663,0.9635658038936553,0.6297758725513661,0.9032056259164561
477,-0.7813510810764571,-1.3539945504359692,-0.28447185465545705,-0.280812163135549,-1.0065921107106377,0.33770554584999324,-0.6881791858633233,-0.0045481639566578415
63,0.2742346412691743,-0.1605536573186756,-0.48125232293607584,0.34302029713936366,0.7922670047208616,-0.29599701933172035,0.8679888489262958,-0.1778168705351342
413,2.385406085960437,-1.3539945504359692,-1.7429530323436968,-0.10162439253395274,0.4401661059269334,0.4987562883403251,0.5675252832565745,-0.44136740221648185
384,3.4409918083060687,1.862736164316363,0.3438741458123867,-1.8941693901287948,1.1507535626482623,0.11719699432914171,0.38927466778278624,1.059964333361559
619,0.2742346412691743,0.7944642806774166,0.054602266199616646,1.1770113121705652,0.999102623833198,0.8888022078659287,1.6731709793068235,1.0184957539346504
322,-0.7813510810764571,0.7944642806774166,1.1367784896796922,1.5662763091140628,0.6056773606610945,-1.927967252910976,-0.630416151687899,-1.6913622521752656
451,0.2742346412691743,-0.8705926954520273,-0.10731813776223618,0.34302029713936366,-1.0065921107106377,0.41975411921405675,-0.27239395667489086,-0.06704845434270316
234,-0.7813510810764571,-0.5737733612853833,0.5987904344492325,0.34302029713936366,-0.5350993118889239,-2.4049039648650674,-2.00279949001909,-2.3306270143676917
462,1.3298203636148058,-0.43202971010298924,0.3438741458123867,-0.9996753848656023,-0.45599745818110343,-1.462388600681498,-1.640875663020672,-1.1922677679671185
424,2.385406085960437,-1.7063843689593408,-1.7429530323436968,-0.483252061592501,-0.17684401628318158,1.1937336040621518,-0.06490852334339602,1.0196541307757008
614,1.3298203636148058,0.0964048954620295,0.47496792475826144,0.9990192843855589,0.20591950554940663,0.26679289534189393,0.5705392500090767,0.215308192162274
303,-0.7813510810764571,-1.5268627096810437,-0.10731813776223618,-0.9996753848656023,-1.1201443404426752,-0.6800275332305712,-1.7278964153283851,-0.7250860294824744
637,-0.7813510810764571,-0.43202971010298924,0.054602266199616646,0.587564984067492,0.29719619493767974,2.1588287988690045,1.2047330679812813,1.7716570184712503
219,2.385406085960437,-1.0262797137598505,-1.7429530323436968,-0.10162439253395274,1.1507535626482623,-0.11298622009876906,0.5804536442489643,0.7459419756221916
606,-0.7813510810764571,-0.7198642410466021,-1.2905770018188305,-0.7177089818943599,-1.5145958303710132,1.8006633097899112,0.7811694173981071,0.28845940031593953
296,-0.7813510810764571,-0.7198642410466021,-0.7045532984641972,-1.361348945378055,-1.6682468557173953,0.05411976517254394,-0.5571281210300912,-0.651040773808032
21,-0.7813510810764571,1.4054177280386984,1.2319424648959836,1.4937405999928413,0.3821596524785762,-0.5872045708420308,-0.36217557569582687,-0.10057381814677879
420,-0.7813510810764571,1.3086914652461112,-1.2905770018188305,0.9990192843855589,-1.1201443404426752,0.8227328859199631,0.42320649014262435,-0.15294061206184692
199,0.2742346412691743,-0.43202971010298924,-0.10731813776223618,-0.10162439253395274,-0.17684401628318158,1.6058622614083575,1.319704121040024,0.765270892570422
450,-0.7813510810764571,1.0066324127344364,1.895230740193789,1.0899204866349537,2.47184123150712,-1.462388600681498,0.5910240697212633,0.9225655093739165
137,-0.7813510810764571,0.6848396287077676,0.8282815441270626,-0.9996753848656023,-0.45599745818110343,-0.5206945055330967,0.08655663013836083,-1.0734707182310461
536,0.2742346412691743,-0.030362291605246557,0.3438741458123867,0.0597994764890157,-0.5350993118889239,-1.8731733753702426,-0.9473537960230191,-2.3571759663098097
212,1.3298203636148058,-0.7198642410466021,-1.2905770018188305,0.4693415285126722,-0.30958601588471946,-0.8557600925589399,-0.9919704494007674,-0.6414688466412092
674,0.2742346412691743,-1.5268627096810437,-0.48125232293607584,-0.483252061592501,-1.2419258204889905,-1.0828052656982978,-0.8702265676190597,-1.5423908637342156
652,-0.7813510810764571,-0.5737733612853833,0.7163042504200362,0.4693415285126722,0.15765998727461977,-0.02765108110037581,-1.3809543401181112,0.45399267690768086
641,0.2742346412691743,1.9493901170195573,1.1367784896796922,2.1335842373886207,0.42249734954169177,-0.5872045708420308,0.392064466928009,-0.5867314351285947
505,1.3298203636148058,-0.8705926954520273,-0.9662986919833793,-0.280812163135549,-0.30958601588471946,1.3328106223907967,0.5206181026361247,0.8706147266943515
567,0.2742346412691743,1.3086914652461112,0.3438741458123867,1.835347199463337,-2.0194202667280354,-0.9095879986359081,-3.0471650929391956,-1.1559418751903974
231,-0.7813510810764571,2.1183428675796434,-0.7045532984641972,0.587564984067492,0.2523955477412098,-0.11298622009876906,-0.3993965235789516,0.29265864088035276
405,0.2742346412691743,1.6848012885512569,1.1367784896796922,0.9038862865729667,1.1706046967783126,0.3654108988012694,0.6071004289098796,1.2557730324044476
317,2.385406085960437,-1.7063843689593408,-1.7429530323436968,-0.9996753848656023,-0.9003753775790176,-0.35458009685723857,-0.5594138074860555,-0.639625673379009
183,-0.7813510810764571,-1.0262797137598505,0.47496792475826144,-0.10162439253395274,-0.055754000005684624,-0.3947000554338471,-0.029378225928222326,-0.4015230609745447
596,2.385406085960437,-1.3539945504359692,-1.2905770018188305,-1.361348945378055,-0.055754000005684624,-0.02765108110037581,-1.57391604694434,0.3408961883113197
594,-0.7813510810764571,-0.8705926954520273,-0.9662986919833793,-1.8941693901287948,-1.5145958303710132,0.8227328859199631,0.759692607790667,-1.022768234718318
485,0.2742346412691743,-0.030362291605246557,-0.48125232293607584,0.4693415285126722,-0.707003049163118,-0.5425864452165828,-0.38909164023799686,-0.8344822401661601
278,-0.7813510810764571,-0.5737733612853833,-1.7429530323436968,0.587564984067492,-1.6682468557173953,-1.0828052656982978,-0.6004517098952653,-2.2668502287004673
20,-0.7813510810764571,0.572703209170494,1.6638900511737849,-0.7177089818943599,0.702925133132149,-1.2434750223475508,0.2551680770165357,-1.3559940847896759
170,-0.7813510810764571,-0.7198642410466021,0.054602266199616646,0.34302029713936366,-1.0065921107106377,0.16323975049045109,-0.4192680248571459,-0.24522807886722192
401,0.2742346412691743,0.4579308020363973,-0.48125232293607584,0.8040214118622065,0.8204732389507959,-1.927967252910976,-0.6098169580333824,-1.46150015381275
644,-0.7813510810764571,1.5002970565584224,2.1103911037549614,1.7709527916337888,1.1507535626482623,0.48578951242855894,1.5992787796649677,0.7693604571338876
566,1.3298203636148058,0.4579308020363973,0.7163042504200362,1.2606505106109358,1.0222484265784653,-0.5425864452165828,0.01669188162025985,0.3643858592553255
176,-0.7813510810764571,-2.0877150893316148,-1.2905770018188305,-1.361348945378055,-1.5145958303710132,1.0864259514296217,-1.438755661322941,0.41634516141551964
327,-0.7813510810764571,0.6848396287077676,-0.9662986919833793,-0.483252061592501,-0.17684401628318158,-1.0828052656982978,-0.02635144464984601,-1.750322869011061
198,-0.7813510810764571,-0.030362291605246557,0.2042844884969822,1.898029418149199,0.5358465352445388,-0.3153189496250441,-0.6965709027243681,0.37463399733222597
470,1.3298203636148058,-0.7198642410466021,0.054602266199616646,-0.280812163135549,-1.2419258204889905,1.3237798310169937,0.12536550423455214,0.4159664433170493
647,-0.7813510810764571,-1.0262797137598505,-0.10731813776223618,-0.10162439253395274,0.3821596524785762,-0.7531017434228325,0.004508467309615995,-0.5073153434359582
266,-0.7813510810764571,-0.030362291605246557,-1.7429530323436968,-1.361348945378055,-1.1201443404426752,-0.25794542742510607,-1.3102866321117503,-0.427726670324878
492,-0.7813510810764571,-0.8705926954520273,-1.7429530323436968,-0.9996753848656023,-0.45599745818110343,2.3249954194058993,0.9248647202902174,1.4014084548186228
130,2.385406085960437,-1.1872814398109017,-1.2905770018188305,0.0597994764890157,-0.5350993118889239,-1.3488205437561072,-0.9026648519449662,-1.4274674506105047
338,1.3298203636148058,-0.8705926954520273,-0.10731813776223618,0.20714550344045787,0.5358465352445388,1.3237798310169937,1.8769618362750369,0.6735178783759007
592,2.385406085960437,-0.5737733612853833,0.054602266199616646,0.4693415285126722,-0.30958601588471946,0.9211391965125657,-1.0388944466953736,0.8702558120188013
489,0.2742346412691743,1.6848012885512569,1.0380388884061322,2.1335842373886207,0.9263010447601661,-2.2470674463030504,-0.5603766670733809,-2.2231098064583703
572,-0.7813510810764571,0.7944642806774166,1.7429992403270869,-0.9996753848656023,1.4974155895665202,0.6963825233185842,-0.3835087808683993,2.0354009842165155
193,-0.7813510810764571,-0.43202971010298924,-1.2905770018188305,-0.10162439253395274,-1.1201443404426752,-1.5023523648100137,-0.9985525491514815,-2.0038632812774537
140,-0.7813510810764571,-1.5268627096810437,-1.7429530323436968,-0.9996753848656023,-1.8357733748140537,0.953031412893666,0.12795932931152745,-0.2662916584060756
416,-0.7813510810764571,-0.43202971010298924,-1.2905770018188305,-1.361348945378055,0.4401661059269334,-0.8557600925589399,-1.194963051602319,-0.8537772474525495
476,-0.7813510810764571,-1.3539945504359692,-0.7045532984641972,-0.9996753848656023,-1.5145958303710132,0.984493144865309,-0.801458608764699,0.2699777133257082
152,-0.7813510810764571,0.21993203385948543,-0.48125232293607584,0.4693415285126722,-0.9003753775790176,0.984493144865309,0.38781768858139853,0.20122897530160636
625,2.385406085960437,0.9016926749262859,1.0380388884061322,0.20714550344045787,2.2518361067702086,-1.113620664455431,0.976887442106334,0.8303910643463939
10,-0.7813510810764571,-1.0262797137598505,-1.7429530323436968,-1.361348945378055,-1.8357733748140537,-1.8731733753702426,-1.331260039922341,-2.8505713023102186
269,-0.7813510810764571,0.572703209170494,1.4127717803552187,1.0899204866349537,0.4615109684268191,-1.0828052656982978,0.03825738727839698,-0.9906251103174013
96,-0.7813510810764571,0.9016926749262859,0.8282815441270626,-1.8941693901287948,1.3648899212053718,-1.2099548531939288,0.37907348458827445,-0.37804381632730394
210,1.3298203636148058,0.6848396287077676,1.1367784896796922,-0.10162439253395274,1.7823354632103225,0.4987562883403251,0.5778679809063126,2.0893149597826346
692,-0.7813510810764571,-0.030362291605246557,-1.7429530323436968,1.835347199463337,0.4401661059269334,2.0377145906619982,1.117193124300817,1.0148937842373673
569,-0.7813510810764571,2.034575211740111,1.32384869561555,2.2965406394713392,1.7629804545903345,-0.02765108110037581,1.3048396024623714,1.2886239010214249
548,0.2742346412691743,0.34038857069884054,-0.48125232293607584,0.587564984067492,-1.2419258204889905,1.4900107589204525,-1.3701352831085496,0.7968889088035853
659,0.2742346412691743,0.9016926749262859,0.7163042504200362,0.34302029713936366,0.7922670047208616,0.8449682225996278,1.0304732015005484,1.1581417955899787
532,0.2742346412691743,1.593402112872846,-0.9662986919833793,0.8040214118622065,-1.2419258204889905,1.046178795288036,-0.7406936713684311,0.43329554635020023
651,-0.7813510810764571,0.4579308020363973,-0.48125232293607584,0.34302029713936366,-1.372991280446223,0.6845360256423765,0.3270121081661494,-0.4170615304558682
332,2.385406085960437,-0.8705926954520273,-0.9662986919833793,-0.483252061592501,0.29719619493767974,-1.5023523648100137,-0.5765803748548979,-1.2575367775055248
75,-0.7813510810764571,1.4054177280386984,0.8282815441270626,1.7709527916337888,0.6714441934156619,1.6618876383820738,1.4394588662488816,1.6115508353570618
77,-0.7813510810764571,-0.7198642410466021,-1.2905770018188305,0.34302029713936366,-1.6682468557173953,-0.35458009685723857,-1.4466761160830108,-0.7271681307172927
263,-0.7813510810764571,1.862736164316363,0.3438741458123867,0.587564984067492,-0.8007310426437118,1.2688893293223655,-0.08363752847080984,0.6955601323363265
149,-0.7813510810764571,-0.43202971010298924,0.2042844884969822,-0.483252061592501,0.42249734954169177,-0.11298622009876906,0.6411201426344131,-0.11309798329967022
650,-0.7813510810764571,1.9493901170195573,-0.10731813776223618,0.0597994764890157,-0.5350993118889239,-0.41509634393480427,-0.35190977467341356,-0.5844434181236949
514,0.2742346412691743,0.9016926749262859,0.9353524705498827,-1.361348945378055,0.5712960007495297,-0.01102325282937185,0.29256455015802657,0.40580505836333564
656,-0.7813510810764571,-0.43202971010298924,0.7163042504200362,0.34302029713936366,-0.8007310426437118,-0.3745299325369818,-0.6094144230834008,-0.5769770037454838
469,0.2742346412691743,-2.0877150893316148,-0.9662986919833793,-1.8941693901287948,-1.2419258204889905,-0.8557600925589399,-0.9597541303527116,-1.1877990957952558
564,1.3298203636148058,-0.7198642410466021,0.054602266199616646,-0.9996753848656023,1.3961329583855844,0.6845360256423765,2.12023133855149,0.8870064783629058
461,0.2742346412691743,-2.0877150893316148,-1.7429530323436968,-0.9996753848656023,-1.1201443404426752,0.5498598361760612,-0.5237431951742842,0.06784112922641868
253,0.2742346412691743,0.0964048954620295,-1.2905770018188305,-1.361348945378055,-1.1201443404426752,-0.13051441456111565,-0.7600068695699058,-0.45521254624561147
369,1.3298203636148058,1.3086914652461112,1.6638900511737849,-0.483252061592501,1.600011689594326,-1.5858935274100958,-0.05589352866287622,-0.3352584266961403
321,1.3298203636148058,-1.0262797137598505,-0.7045532984641972,-0.483252061592501,0.4615109684268191,0.3516038577470855,-0.9559634011097546,0.9230219579289575
151,-0.7813510810764571,1.0066324127344364,0.8282815441270626,1.6365529514442165,1.2640316108415586,-0.4777048536458359,0.8638850139067488,0.2287850754602673
302,-0.7813510810764571,1.4054177280386984,1.6638900511737849,1.3411462437714552,1.3488454738243592,-0.609947935160526,0.5099622438588987,0.4141376129897539
190,0.2742346412691743,-1.0262797137598505,-0.48125232293607584,-0.7177089818943599,-1.0065921107106377,0.6365088503535575,0.19727580272953427,-0.10203315186760743
586,0.2742346412691743,-1.0262797137598505,0.2042844884969822,-0.483252061592501,0.15765998727461977,-0.3153189496250441,-0.772563225543585,0.12621872716318494
348,0.2742346412691743,-0.7198642410466021,-0.7045532984641972,0.20714550344045787,-2.0194202667280354,-1.462388600681498,-1.4996853965412795,-2.0195878531135296
243,1.3298203636148058,2.034575211740111,1.5825952383653183,1.4187653577187784,1.8012065956780468,0.7776004712014443,2.5028974328721496,1.4591095947641084
87,1.3298203636148058,0.34038857069884054,-0.28447185465545705,1.1770113121705652,-0.3809382431385099,1.7244729222368986,0.44302579027949146,1.1604393030207538
634,1.3298203636148058,0.34038857069884054,0.7163042504200362,0.20714550344045787,1.380649618044669,-0.9652622418729204,-0.881109565446465,0.4626559117513785
418,0.2742346412691743,-0.2943697773373074,0.5987904344492325,-0.483252061592501,0.8479494559702219,1.6618876383820738,1.8497131204628772,1.5719118685600073
288,-0.7813510810764571,0.0964048954620295,1.1367784896796922,0.9990192843855589,0.05530665630457109,-1.1771629769574363,-1.347658617387045,-0.6651817602030581
166,-0.7813510810764571,-1.8931222660741807,-0.48125232293607584,-0.9996753848656023,-0.8007310426437118,0.9104103464912662,0.5911489542746797,0.05344099579814192
595,-0.7813510810764571,0.0964048954620295,0.47496792475826144,1.0899204866349537,0.4401661059269334,-0.5647536723626226,-1.192139950992598,0.0007196931026058587
654,-0.7813510810764571,0.21993203385948543,0.5987904344492325,-0.9996753848656023,-0.11495192108281711,2.2749004433541047,0.34227415580355663,1.7548643350842175
155,1.3298203636148058,0.21993203385948543,0.8282815441270626,-0.7177089818943599,0.20591950554940663,1.2688893293223655,1.1344199063589906,0.9302098834723875
356,-0.7813510810764571,0.572703209170494,-0.9662986919833793,0.9990192843855589,-1.0065921107106377,1.6058622614083575,0.7475189849980588,0.49176482073315164
381,-0.7813510810764571,1.5002970565584224,0.8282815441270626,1.4187653577187784,0.639043628512713,2.165404814595389,1.9808014114734105,1.7324713937624174
279,-0.7813510810764571,0.572703209170494,0.8282815441270626,-1.361348945378055,0.15765998727461977,0.03803391270797179,0.7377732974483739,-0.31137535993735593
126,0.2742346412691743,0.572703209170494,0.054602266199616646,-0.9996753848656023,1.109773626296991,0.6120987854869697,0.13529819546542746,1.5266052321517756
22,-0.7813510810764571,-0.8705926954520273,-0.7045532984641972,-0.10162439253395274,-0.6186237885721682,0.20826173075835258,-0.6296253313673134,0.08342173563660844
616,-0.7813510810764571,-0.8705926954520273,-1.7429530323436968,-0.7177089818943599,-0.30958601588471946,-0.7781796701644484,-1.6446630442188255,-0.43192308974326893
282,-0.7813510810764571,-0.43202971010298924,0.2042844884969822,-0.7177089818943599,0.29719619493767974,0.5624501140783417,-1.566159043374113,1.0110644591145401
471,2.385406085960437,-1.5268627096810437,-1.7429530323436968,-0.7177089818943599,-0.3809382431385099,-0.3745299325369818,-0.3592401151528572,-0.42774504123860446
367,0.2742346412691743,0.572703209170494,1.32384869561555,0.34302029713936366,0.42249734954169177,-1.6748786579614114,-0.7650215711919924,-1.2735009803414912
25,2.385406085960437,-1.3539945504359692,-1.7429530323436968,-0.9996753848656023,0.4401661059269334,1.1161709202058439,0.85872875991714,0.5997273902127774
196,-0.7813510810764571,-1.5268627096810437,-1.2905770018188305,-1.8941693901287948,-1.5145958303710132,-0.5206945055330967,-1.1184517895953823,-0.8998042493924922
64,0.2742346412691743,-0.030362291605246557,-0.28447185465545705,0.0597994764890157,-0.45599745818110343,-0.14820415794655256,0.14234497648960073,-0.5616345949518868
15,0.2742346412691743,0.21993203385948543,0.3438741458123867,-0.10162439253395274,0.6056773606610945,-0.01102325282937185,-0.06593062466054601,0.5691060410436941
297,-0.7813510810764571,-0.030362291605246557,-1.7429530323436968,0.4693415285126722,-1.2419258204889905,1.0663876646046988,0.8146320902569973,-0.39238626895446693
621,0.2742346412691743,1.210040969309664,-0.9662986919833793,1.3411462437714552,-0.3809382431385099,-0.6329929984569984,-0.6070143443704513,-0.5939603688650978
336,0.2742346412691743,0.21993203385948543,0.054602266199616646,1.0899204866349537,0.3821596524785762,0.8888022078659287,1.0766755906663998,0.7435754874150482
26,0.2742346412691743,1.210040969309664,0.3438741458123867,1.835347199463337,1.1304816111934424,-0.35458009685723857,-0.19706601330132445,0.7272476768626625
588,-0.7813510810764571,0.34038857069884054,0.3438741458123867,0.20714550344045787,0.8479494559702219,-0.609947935160526,0.4095380456335886,-0.1254364197985862
43,-0.7813510810764571,0.572703209170494,1.4127717803552187,-0.280812163135549,0.5712960007495297,0.6243375798110943,0.7550540828170788,0.8474780445695146
497,0.2742346412691743,1.1093838978977206,0.7163042504200362,-0.280812163135549,1.426302445694605,0.6120987854869697,0.4903687174325722,1.7858766566412514
515,0.2742346412691743,1.593402112872846,0.5987904344492325,-1.361348945378055,0.6714441934156619,0.8449682225996278,-0.43113828922982744,1.4126317818281977
669,1.3298203636148058,0.21993203385948543,0.47496792475826144,-0.483252061592501,0.3821596524785762,0.6120987854869697,0.08338630008018422,0.9158189877375167
561,0.2742346412691743,0.572703209170494,0.3438741458123867,0.6988243630480062,-0.17684401628318158,-0.3745299325369818,0.4596961785397127,-1.0805209578978205
454,2.385406085960437,0.34038857069884054,-1.2905770018188305,0.9038862865729667,-0.11495192108281711,0.9635658038936553,1.094063569794246,0.28547688582654057
387,3.4409918083060687,1.3086914652461112,1.0380388884061322,-1.8941693901287948,1.8722356319534033,-1.2777631989222826,-0.5447089766769586,0.5797855029034079
71,0.2742346412691743,-0.8705926954520273,-0.28447185465545705,0.34302029713936366,-0.055754000005684624,1.6618876383820738,1.2403798406253042,1.0021784486727834
542,0.2742346412691743,-0.5737733612853833,0.7163042504200362,0.34302029713936366,1.109773626296991,1.3507739981482105,1.155065972867954,1.9178177967242522
456,3.4409918083060687,0.34038857069884054,0.3438741458123867,1.0899204866349537,2.2072541076184,-0.5206945055330967,0.009521952433657515,1.7670991815860115
633,-0.7813510810764571,-1.7063843689593408,-1.2905770018188305,-1.8941693901287948,-1.1201443404426752,-0.0444212954690841,0.2995500694290841,-1.2774700830586256
431,-0.7813510810764571,1.6848012885512569,0.5987904344492325,-0.280812163135549,0.05530665630457109,-0.7781796701644484,-0.04700776939992412,-0.8199026716021859
627,-0.7813510810764571,0.6848396287077676,-0.7045532984641972,0.8040214118622065,-0.9003753775790176,-0.3153189496250441,-0.6744451766027606,-0.5463239784066977
653,1.3298203636148058,-0.8705926954520273,-0.9662986919833793,-1.8941693901287948,-1.2419258204889905,0.11719699432914171,-1.1382150839560539,-0.20466869690577
264,-0.7813510810764571,0.572703209170494,0.3438741458123867,-0.10162439253395274,0.0009412280633115605,-0.728392041452862,-1.1394842171485249,-0.28913542461566505
209,0.2742346412691743,-1.1872814398109017,-0.10731813776223618,-1.8941693901287948,0.0009412280633115605,-1.770236378487818,-1.8961862505914249,-1.2355251223528765
316,-0.7813510810764571,0.572703209170494,1.1367784896796922,-0.483252061592501,0.702925133132149,1.3418085838993574,1.55464864949771,1.2598750286215494
513,-0.7813510810764571,-0.43202971010298924,-0.10731813776223618,0.34302029713936366,-1.1201443404426752,-0.061336832288426346,-0.17041388677798597,-0.6948857491717622
313,-0.7813510810764571,0.9016926749262859,-0.10731813776223618,0.34302029713936366,-0.2416430117379817,0.43312534115347257,0.14285953503724114,0.2654710970373056
534,-0.7813510810764571,0.9016926749262859,-0.9662986919833793,1.0899204866349537,-0.30958601588471946,0.16323975049045109,0.4881938947268192,-0.3443935510496464
319,1.3298203636148058,-1.0262797137598505,-0.48125232293607584,-1.361348945378055,0.2523955477412098,-1.2777631989222826,-0.9789184381933358,-0.7533860350703069
7,-0.7813510810764571,-0.030362291605246557,0.7163042504200362,0.587564984067492,0.15765998727461977,-1.113620664455431,-1.5989081106385419,-0.49485338623891023
393,2.385406085960437,1.9493901170195573,-0.28447185465545705,2.0186648497385544,1.2989141230846881,1.0864259514296217,2.1242640711237373,1.3180478085194371
141,-0.7813510810764571,-1.0262797137598505,0.3438741458123867,-0.10162439253395274,0.4615109684268191,1.1357973413326061,1.153221646177219,1.0395778470666335
86,0.2742346412691743,-0.7198642410466021,-0.28447185465545705,-0.483252061592501,0.05530665630457109,0.5371963473770919,1.366237830410433,-0.7359114623615284
478,0.2742346412691743,1.7745590353425278,2.0402900358281846,1.4937405999928413,2.148022008873465,0.41975411921405675,-0.0621931023148488,2.5772737255934564
503,-0.7813510810764571,0.4579308020363973,-0.7045532984641972,1.3411462437714552,-0.9003753775790176,0.811533469780222,-0.0501886526810468,0.2562769407634994
215,1.3298203636148058,-0.030362291605246557,0.7163042504200362,0.20714550344045787,0.5358465352445388,-0.35458009685723857,0.3683801374792053,-0.08462481809111767
580,0.2742346412691743,-0.1605536573186756,-0.9662986919833793,0.34302029713936366,0.10749885141649629,-0.8557600925589399,-0.04751091511140284,-0.89066010984438
562,1.3298203636148058,1.4054177280386984,1.7429992403270869,0.587564984067492,1.7727197401598092,-0.9938403589632229,-0.26830603662785985,0.7361082309219313
398,0.2742346412691743,-1.1872814398109017,-1.7429530323436968,0.0597994764890157,-0.45599745818110343,0.10161288474802627,0.3461962190061918,-0.42105967486292445
668,-0.7813510810764571,0.0964048954620295,0.054602266199616646,0.9038862865729667,-0.3809382431385099,-0.7531017434228325,-1.0372201167881465,-0.5642374683307521
490,-0.7813510810764571,-0.1605536573186756,0.8282815441270626,0.8040214118622065,0.3404205451005691,-1.113620664455431,-1.1548492010398184,-0.4594218731302327
252,0.2742346412691743,-0.030362291605246557,0.8282815441270626,-0.7177089818943599,1.669293194946172,-1.770236378487818,0.45196211656095425,-1.239852614503571
468,0.2742346412691743,-0.7198642410466021,-0.10731813776223618,0.4693415285126722,1.0448692189801592,1.1937336040621518,0.7831508111226312,1.8193175297356758
357,0.2742346412691743,-1.5268627096810437,-1.7429530323436968,-0.9996753848656023,-2.0194202667280354,0.9635658038936553,-0.8777241258342088,0.04636135876791889
254,-0.7813510810764571,0.4579308020363973,-0.28447185465545705,0.8040214118622065,-1.1201443404426752,0.05411976517254394,-0.5942803082421118,-0.3425192919773767
276,0.2742346412691743,-1.1872814398109017,-0.9662986919833793,-0.10162439253395274,-0.8007310426437118,0.6845360256423765,0.5547603909762946,-0.17945067068057494
178,-0.7813510810764571,0.34038857069884054,0.8282815441270626,-0.280812163135549,-0.8007310426437118,0.03803391270797179,-0.3402228777933644,-0.27809590356361663
281,-0.7813510810764571,-0.030362291605246557,1.0380388884061322,-0.9996753848656023,0.20591950554940663,1.7321918826026632,1.6090345901583825,1.0618840515299615
390,-0.7813510810764571,0.6848396287077676,1.6638900511737849,-0.483252061592501,1.5502996613204496,-1.113620664455431,-0.2966765422898432,0.3527245023430056
508,0.2742346412691743,-0.8705926954520273,-1.2905770018188305,-0.483252061592501,-1.8357733748140537,0.811533469780222,-0.3828866714781407,-0.1251042984220319
583,1.3298203636148058,0.34038857069884054,1.1367784896796922,0.9038862865729667,0.639043628512713,2.5228659590398106,2.186137987495531,1.9368236861730972
129,0.2742346412691743,0.7944642806774166,1.4127717803552187,-0.9996753848656023,1.109773626296991,-0.5425864452165828,0.5104910561432582,0.20808076524813876
144,-0.7813510810764571,0.7944642806774166,1.1367784896796922,1.1770113121705652,1.109773626296991,-0.6329929984569984,-0.5977833841371911,0.5116809532077623
645,0.2742346412691743,-1.7063843689593408,-1.7429530323436968,-1.361348945378055,0.3404205451005691,-1.022941065513836,0.13735047293051042,-1.1726169000126492
72,-0.7813510810764571,1.4054177280386984,1.9686021665361009,1.4937405999928413,1.6119810177029825,0.5874150129640295,1.66005494576966,1.585317847130774
235,-0.7813510810764571,-1.5268627096810437,0.054602266199616646,-1.8941693901287948,-1.5145958303710132,-0.3947000554338471,-0.45830386583035093,-1.1360802243694594
37,0.2742346412691743,-0.2943697773373074,0.7163042504200362,-1.361348945378055,0.4401661059269334,0.7776004712014443,1.2727260487289105,0.9038682116466676
