,age,ed,employ,address,debtinc,income_ratio,creddebt_ratio,othdebt_ratio
286,-0.7571816646906433,-0.7813510810764571,0.4214539528914155,-0.2142516332927768,-0.625681726344708,-0.39430458262992996,-0.31646867378754745,-0.6570857908484756
146,-0.8822610609355214,2.385406085960437,-1.1050969593739801,-0.7851969198147369,0.3238225655170176,-0.584349178458216,-0.6794583930179365,-0.030960705342568715
214,-0.13178468346625294,-0.7813510810764571,1.1847294090241134,-0.7851969198147369,0.027102474310228386,0.9676816874727875,1.6809011397239968,0.30625734333244964
528,1.9945650526966743,0.2742346412691743,3.4745557774222067,0.7849026181206534,-0.3586336442585977,6.4789749664930865,1.8908755617889517,4.123402699559043
165,0.6186916940030155,0.2742346412691743,0.7267641353444947,0.35669365322918334,1.2881628619390824,1.822882368700075,3.1800923852288294,3.414948577330952
690,-1.3825786459150335,0.2742346412691743,-1.2577520506005195,-0.4997242765537569,-0.432813667060295,-0.9010901715053597,-0.9121562913772511,-0.6061516177617886
80,-1.1324198534252774,-0.7813510810764571,-0.6471316856943614,-0.7851969198147369,0.04193847887056779,-0.5526750791535018,0.7027623726838566,-0.8697482553326172
310,0.4936122977581374,-0.7813510810764571,1.642694682703732,0.9276389397511435,2.504715235886919,0.49257019790207207,5.401375533702966,1.25894304074521
304,-1.0073404571803994,1.3298203636148058,-0.49447659446782183,-1.070669563075717,-0.5811737126636896,0.9676816874727875,0.5275560569874059,-0.14184633713128839
429,0.7437710902478936,-0.7813510810764571,1.9480048651568111,-0.927933241445227,1.5255389349045139,0.9993557867775019,3.656392019614143,1.9224056252556307
195,-0.6321022684457652,-0.7813510810764571,-0.6471316856943614,-1.213405884706207,-0.8927298084308182,-0.3626304833252155,-0.5982120682811518,-0.6932136910410893
3,0.7437710902478936,-0.7813510810764571,1.0320743177975737,0.7849026181206534,-1.0855978677152311,2.3930161561849332,0.8258808592264678,-0.7149520254680173
687,-0.13178468346625294,-0.7813510810764571,0.268798861664876,-1.070669563075717,0.012266469749888978,-0.3626304833252155,0.7222554732541399,-0.6892688185339378
9,0.11837410902350319,-0.7813510810764571,-1.2577520506005195,0.6421662964901634,1.406850898421798,-0.6160232777629304,0.9043837398740553,-0.2671708371498305
435,-1.3825786459150335,0.2742346412691743,-1.1050969593739801,-0.927933241445227,-0.6701897400257263,-0.07756358958278622,-0.37549428903996973,-0.466812048092133
400,-1.5076580421599117,0.2742346412691743,-1.2577520506005195,-0.642460598184247,-0.2251096032155426,-0.7427196749817878,-0.6281821165888957,-0.5289544272552509
350,0.7437710902478936,0.2742346412691743,-0.03651132078820315,1.7840568695340837,-1.4119899680426995,-0.045889490278071966,-0.8717389862853929,-0.919612970173272
600,1.3691680714722838,1.3298203636148058,-0.6471316856943614,1.2131115830121235,-0.7146977537067447,0.904333488863359,0.5385832770602178,-0.411899909063463
179,-0.256864079711131,0.2742346412691743,-0.9524418681474405,0.7849026181206534,1.8816030443526608,-0.2992822847157869,0.4730566626228848,0.9970405844248849
395,-0.006705287221374883,-0.7813510810764571,-0.49447659446782183,-0.4997242765537569,0.41283859287905433,-0.39430458262992996,-0.8130597654886774,0.3534931562326682
349,0.6186916940030155,0.2742346412691743,-0.9524418681474405,-1.070669563075717,-0.9520738266721761,-0.26760818541107245,-0.7451110290572505,-0.624108520727059
365,-0.3819434759560091,0.2742346412691743,-0.7997867769209009,0.6421662964901634,-1.2339579133186258,0.08080690694078556,-0.6455236127400181,-0.8354796658765534
657,-0.006705287221374883,-0.7813510810764571,1.1847294090241134,0.21395733159869332,0.04193847887056779,0.39754789998792917,-0.1741005524920924,0.6427517263866133
415,-0.6321022684457652,0.2742346412691743,-0.03651132078820315,-0.642460598184247,-0.56633770810335,0.36587380068321473,-0.7084209283087964,0.10543017174598372
402,-0.8822610609355214,0.2742346412691743,-0.49447659446782183,-0.927933241445227,-0.28445362145690023,-0.2359340861063582,-0.18673504283938322,-0.33480503805441436
646,-0.5070228722008872,-0.7813510810764571,0.4214539528914155,-0.35698795492326685,-0.5069936898619923,-0.33095638402050115,-0.7315561191562248,-0.31226840893420554
242,-0.3819434759560091,0.2742346412691743,-0.1891664120147427,0.21395733159869332,-0.8778938038704788,-0.39430458262992996,-0.642356577716414,-0.6739972114235612
197,-0.256864079711131,2.385406085960437,0.11614377043833642,0.21395733159869332,-0.8778938038704788,-0.5210009798487873,-0.6796932814488538,-0.7129704716354572
40,-1.5076580421599117,-0.7813510810764571,-0.1891664120147427,-0.927933241445227,-0.5366656989826712,-0.4259786819346442,-0.7055983083440093,-0.4153787719780902
368,0.11837410902350319,-0.7813510810764571,1.4900395914771924,0.07122100996820328,0.14579051079294392,0.7142888930350727,2.532501022396033,-0.22955103088491793
547,-0.13178468346625294,2.385406085960437,0.268798861664876,1.3558479046426137,1.0507867889736513,2.4880384540990765,1.0653205833922796,5.173012313830872
378,-0.5070228722008872,-0.7813510810764571,1.0320743177975737,-0.927933241445227,-0.8037137810687816,0.49257019790207207,-0.3981781773965344,-0.29108590913720167
5,0.7437710902478936,0.2742346412691743,-0.49447659446782183,-0.4997242765537569,-0.002569534810450695,-0.6160232777629304,-0.6692367874792542,-0.2637939560445817
688,-0.256864079711131,-0.7813510810764571,0.574109044117955,0.4994299748596734,0.08644649255158628,0.7459629923397871,-0.02706501333060065,1.0264164108475538
364,0.24345350526838125,-0.7813510810764571,-1.2577520506005195,1.3558479046426137,0.3980025883187149,-0.8377419728959309,0.11652043705205223,-0.7429409668207604
375,-0.7571816646906433,-0.7813510810764571,-1.1050969593739801,-0.642460598184247,-1.144941885956589,-0.8694160722006453,-0.841411326939567,-0.8932614784684638
439,0.4936122977581374,0.2742346412691743,1.1847294090241134,0.4994299748596734,-0.9669098312325155,0.2708515027690718,-0.4703113588528983,-0.5645031923383144
38,-0.8822610609355214,-0.7813510810764571,-1.1050969593739801,-0.07151531166228677,1.0211147798529725,-0.6476973770676447,-0.04559216821868492,-0.0582107851094836
299,0.24345350526838125,-0.7813510810764571,1.7953497739302715,-0.927933241445227,-1.2339579133186258,0.36587380068321473,-0.5703065309294196,-0.816231443576636
597,-0.3819434759560091,0.2742346412691743,-0.49447659446782183,-1.213405884706207,0.6798866749651648,-0.5210009798487873,0.78327368137558,-0.46892057265425025
277,-0.3819434759560091,-0.7813510810764571,0.8794192265710342,-1.213405884706207,-1.1597778905169285,1.5630560849864024e-16,-0.7481988882052645,-0.7927229480743366
371,-1.0073404571803994,-0.7813510810764571,-0.1891664120147427,-0.642460598184247,-0.1657655849741847,1.5630560849864024e-16,-0.5052859822969,-0.4098393362130402
559,0.36853290151325935,1.3298203636148058,1.0320743177975737,1.3558479046426137,0.4721826111204122,0.5875924958162153,2.4303839368536972,0.13946440565334312
162,-0.5070228722008872,0.2742346412691743,-0.9524418681474405,-1.070669563075717,-0.5069936898619923,-0.584349178458216,-0.741695909623464,-0.49078115017718815
67,0.4936122977581374,-0.7813510810764571,1.642694682703732,-0.07151531166228677,-0.1657655849741847,0.04913280763607114,0.7315731542131687,-0.4282771070476981
124,-0.8822610609355214,-0.7813510810764571,-0.49447659446782183,0.07122100996820328,-1.1004338722755707,-0.7110455756770736,-0.835672395557211,-0.8317002605435592
39,1.2440886752274058,-0.7813510810764571,2.2533150476098904,-0.4997242765537569,-0.8927298084308182,0.1758292048549285,-0.559776139475936,-0.47177606331684857
4,-1.3825786459150335,0.2742346412691743,-0.9524418681474405,-1.213405884706207,1.0507867889736513,-0.5210009798487873,0.25100857932940235,0.039876804978454077
33,-1.2574992496701556,-0.7813510810764571,-0.03651132078820315,-0.642460598184247,0.6205426567238068,-0.5526750791535018,-0.2562316676385966,-0.023345163074011955
436,-1.0073404571803994,-0.7813510810764571,-1.2577520506005195,-0.4997242765537569,-1.3526459498013417,-0.9010901715053597,-0.8422914987565436,-0.9768953420497161
99,0.36853290151325935,1.3298203636148058,-0.6471316856943614,-0.35698795492326685,-0.13609357585350562,-0.4259786819346442,-0.0495232504417335,-0.46851602229784145
510,-1.3825786459150335,0.2742346412691743,-0.7997867769209009,-1.070669563075717,1.3178348710597616,-0.6476973770676447,0.5052819037870201,-0.1780603477920859
236,-0.13178468346625294,0.2742346412691743,-0.6471316856943614,-0.7851969198147369,-0.10642156673282681,-0.5210009798487873,-0.779159294756848,-0.17038942467340298
314,-0.5070228722008872,2.385406085960437,-1.1050969593739801,-0.35698795492326685,0.13095450623260452,-0.4893268805440729,-0.22533130279266897,-0.26507345629536044
495,1.494247467717162,0.2742346412691743,-0.6471316856943614,0.07122100996820328,-0.4624856761809739,-0.3626304833252155,-0.13992626519051382,-0.6045989278295953
289,-0.7571816646906433,-0.7813510810764571,0.4214539528914155,-0.4997242765537569,-0.6108457217843686,-0.26760818541107245,-0.4603391573223247,-0.4902503044674431
339,-0.8822610609355214,-0.7813510810764571,-0.6471316856943614,-0.927933241445227,0.5908706476031277,-0.5210009798487873,-0.6397701657804705,0.20266813854784088
414,-0.7571816646906433,0.2742346412691743,-1.1050969593739801,-0.2142516332927768,1.62939096682689,-0.4893268805440729,0.6090524455312629,0.2969736217978999
186,0.6186916940030155,-0.7813510810764571,0.8794192265710342,1.7840568695340837,0.7095586840858435,-0.045889490278071966,0.914379694167306,0.24268755652614304
382,0.4936122977581374,0.2742346412691743,-0.9524418681474405,0.4994299748596734,0.8579187296892381,0.04913280763607114,1.7133896406744693,0.1410468121392627
631,1.869485656451796,1.3298203636148058,1.4900395914771924,2.640474799317024,0.5760346430427883,1.822882368700075,2.8863300928206477,1.9119764656501808
260,1.494247467717162,-0.7813510810764571,1.0320743177975737,-1.070669563075717,2.1189791173180925,-0.45765278123935865,0.5313663960001797,0.7426348041582116
549,0.7437710902478936,1.3298203636148058,0.574109044117955,0.35669365322918334,2.415699208524882,1.5630560849864024e-16,2.364723383226824,5.018218785471157
460,0.4936122977581374,-0.7813510810764571,-0.03651132078820315,-1.213405884706207,-0.9224018175514972,-0.7427196749817878,-0.7459977988638596,-0.8019539902636444
200,-0.8822610609355214,-0.7813510810764571,-0.7997867769209009,-0.2142516332927768,-0.9075658129911578,-0.8060678735912165,-0.7561554039031066,-0.8173542565441311
666,1.1190092789825277,0.2742346412691743,1.9480048651568111,0.7849026181206534,0.44251060199973313,2.171297461051933,1.177754285524006,2.9667587863990303
78,-0.256864079711131,-0.7813510810764571,0.8794192265710342,-0.927933241445227,-1.1301058813962497,-0.2359340861063582,-0.7969514335998709,-0.7346777387562169
509,0.9939298827376497,-0.7813510810764571,1.642694682703732,0.35669365322918334,-0.40314165793961604,1.094378084691645,-0.4123110711893679,0.7444076667384671
42,0.8688504864927716,0.2742346412691743,-0.1891664120147427,2.069529512795064,-0.8333857901894605,-0.10923768888750066,-0.3073937988469951,-0.6732117488784802
133,0.4936122977581374,-0.7813510810764571,1.3373845002506528,1.6413205479035937,0.5166906248014305,0.49257019790207207,0.6878773080729171,0.9563204636172435
488,-0.006705287221374883,0.2742346412691743,-1.2577520506005195,1.0703752613816335,0.7095586840858435,-0.7110455756770736,0.3715300971526579,-0.5431970986928584
568,-1.0073404571803994,1.3298203636148058,-0.49447659446782183,-0.642460598184247,1.4365229075424768,-0.07756358958278622,0.8583904737437643,0.9156520090905123
250,1.3691680714722838,0.2742346412691743,2.1006599563833506,1.2131115830121235,0.13095450623260452,3.1531945394980783,1.265275298401307,3.2826160359546876
639,0.11837410902350319,-0.7813510810764571,-0.1891664120147427,1.2131115830121235,-0.04707754849146892,-0.14091178819221506,0.18994022648675535,-0.22738442396779038
434,-0.13178468346625294,0.2742346412691743,0.11614377043833642,1.0703752613816335,1.2584908528184036,0.36587380068321473,2.215443867791316,0.9349785750320716
379,-1.1324198534252774,-0.7813510810764571,0.268798861664876,-0.35698795492326685,-1.1152698768359102,-0.6476973770676447,-0.7231159708183197,-0.8785011311574218
192,0.11837410902350319,-0.7813510810764571,0.268798861664876,-1.213405884706207,0.14579051079294392,-0.5210009798487873,-0.39036615767164423,-0.20863598007144965
445,2.6199620339210647,-0.7813510810764571,0.4214539528914155,1.6413205479035937,0.7095586840858435,0.4608960985973577,2.1547687551307666,0.4183022584046013
355,0.7437710902478936,1.3298203636148058,-0.1891664120147427,-0.35698795492326685,0.6353786612841462,0.36587380068321473,-0.6818917315944056,1.623605677538806
335,-0.3819434759560091,-0.7813510810764571,0.4214539528914155,-0.927933241445227,-1.0262538494738733,0.2708515027690718,-0.8694864326248545,-0.43179345334259356
524,-1.3825786459150335,-0.7813510810764571,-0.9524418681474405,-0.4997242765537569,-0.625681726344708,-0.8377419728959309,-0.5798868118758221,-0.8059252024434169
388,-0.5070228722008872,-0.7813510810764571,-0.1891664120147427,0.21395733159869332,-0.7888777765084419,-0.6793714763723592,-0.7796211540311236,-0.6878289164306598
438,-0.3819434759560091,0.2742346412691743,-0.03651132078820315,-0.927933241445227,-0.9669098312325155,0.01745870833135672,-0.28018632879838246,-0.7617657282300798
157,2.3698032414313084,-0.7813510810764571,0.11614377043833642,-0.927933241445227,0.6798866749651648,-0.5210009798487873,0.0997219554476852,-0.11907569015048587
679,-0.006705287221374883,-0.7813510810764571,1.3373845002506528,-0.642460598184247,-1.0707618631548919,-0.07756358958278622,-0.8668201850143578,-0.5982875370438855
449,-0.5070228722008872,-0.7813510810764571,-0.9524418681474405,-0.927933241445227,0.9172627479305958,-0.7110455756770736,0.21908750548732545,-0.36116834884309096
672,-0.13178468346625294,-0.7813510810764571,-0.34182150324128224,-1.070669563075717,-1.3378099452410022,1.5630560849864024e-16,-0.9003115803889716,-0.9255883612890096
526,0.9939298827376497,-0.7813510810764571,0.268798861664876,0.07122100996820328,-0.56633770810335,0.7776370916445012,-0.6573683237282977,0.36025772446270254
102,-0.256864079711131,-0.7813510810764571,-0.03651132078820315,-0.2142516332927768,-0.6553537354653869,-0.5526750791535018,-0.41585023282824557,-0.7257634480145815
52,1.3691680714722838,-0.7813510810764571,1.1847294090241134,1.3558479046426137,0.3980025883187149,0.23917740346435734,1.0721811730121622,0.24904757439976846
467,-1.0073404571803994,0.2742346412691743,-0.34182150324128224,-1.070669563075717,-0.8630577993101393,-0.33095638402050115,-0.7713974197531649,-0.5674309482565651
554,0.6186916940030155,-0.7813510810764571,1.9480048651568111,1.7840568695340837,-0.596009717224029,0.04913280763607114,-0.29042772830596236,-0.3556883461854933
346,-1.3825786459150335,0.2742346412691743,-0.7997867769209009,-1.213405884706207,-0.8778938038704788,-0.8060678735912165,-0.6916943647914238,-0.8375135613662448
97,0.7437710902478936,-0.7813510810764571,0.8794192265710342,-0.07151531166228677,-0.432813667060295,0.23917740346435734,-0.3172182054098004,-0.023199281810265194
385,1.61932686396204,-0.7813510810764571,-0.7997867769209009,0.35669365322918334,1.6442269713872297,-0.5526750791535018,-0.0024809039598735253,0.47589699178328093
128,-1.7578168346496679,-0.7813510810764571,-0.49447659446782183,-1.070669563075717,-0.18060158953452413,-0.6160232777629304,-0.6863585705756141,-0.35633738273392207
177,-0.8822610609355214,0.2742346412691743,-0.1891664120147427,-0.927933241445227,-0.4773216807413133,-0.33095638402050115,-0.691221288934773,-0.3099491669911208
110,1.2440886752274058,1.3298203636148058,-0.9524418681474405,-0.4997242765537569,-0.7888777765084419,-0.17258588749692932,-0.6257296438424923,-0.5018438126779828
522,-0.8822610609355214,-0.7813510810764571,-0.6471316856943614,-0.2142516332927768,-0.9075658129911578,-0.8060678735912165,-0.7391939519548167,-0.8260352048013939
437,0.6186916940030155,1.3298203636148058,1.4900395914771924,0.7849026181206534,-0.5366656989826712,3.564957830459365,1.2662847908150805,1.3836168157747706
440,0.6186916940030155,-0.7813510810764571,2.1006599563833506,-1.070669563075717,0.6502146658444856,1.7595341700906462,2.6358941591332967,2.113766723727864
500,-1.6327374384047897,1.3298203636148058,-1.2577520506005195,-1.070669563075717,-0.37346964881893707,-0.8377419728959309,-0.6128437700902029,-0.6857251195020899
142,0.7437710902478936,1.3298203636148058,1.1847294090241134,1.9267931911645737,-0.8630577993101393,2.8681276457556493,-0.08571058438019045,0.5823173736865299
680,-0.6321022684457652,-0.7813510810764571,-0.1891664120147427,-0.927933241445227,2.2525031583611472,-0.3626304833252155,-0.1596093878622137,1.4447734833432668
6,0.4936122977581374,-0.7813510810764571,1.7953497739302715,0.07122100996820328,3.0239753954988,1.5630560849864024e-16,1.601246250086573,4.6363394580505615
267,-0.5070228722008872,1.3298203636148058,0.11614377043833642,-0.2142516332927768,0.6502146658444856,0.4608960985973577,1.1234066449210323,0.866463683535239
541,-1.1324198534252774,-0.7813510810764571,0.268798861664876,-0.927933241445227,-0.818549785629121,-0.39430458262992996,-0.8449834785266072,-0.5270677637817485
237,-0.3819434759560091,0.2742346412691743,-0.9524418681474405,0.35669365322918334,-0.1657655849741847,-0.9327642708100741,-0.8499854144670119,-0.5714463975788163
417,0.9939298827376497,-0.7813510810764571,-0.6471316856943614,-0.927933241445227,-0.8333857901894605,-0.4893268805440729,-0.8931329676688021,-0.5598316150173134
58,0.6186916940030155,1.3298203636148058,1.4900395914771924,-0.35698795492326685,-1.144941885956589,1.7595341700906462,0.051461620079664164,-0.6495350846971396
232,0.36853290151325935,0.2742346412691743,-0.03651132078820315,1.0703752613816335,-1.4268259726030388,-0.20425998680164376,-0.9089338332407338,-0.925227710386969
638,0.7437710902478936,0.2742346412691743,-0.34182150324128224,-1.070669563075717,-0.5811737126636896,-0.8060678735912165,-0.8462027870106947,-0.6301139660846334
587,1.2440886752274058,-0.7813510810764571,1.3373845002506528,-1.213405884706207,0.7095586840858435,0.555918396511501,0.6793263135091857,1.3254000608965046
203,0.11837410902350319,0.2742346412691743,-1.2577520506005195,1.2131115830121235,-0.076749557612148,-0.45765278123935865,-0.7113781472620868,-0.12065809663640548
472,1.1190092789825277,-0.7813510810764571,0.574109044117955,-0.7851969198147369,-0.076749557612148,1.5630560849864024e-16,-0.692241997930922,-0.09769631818504607
284,-0.7571816646906433,-0.7813510810764571,0.11614377043833642,-1.213405884706207,0.5463626339221095,-0.6160232777629304,-0.222157009980469,-0.18024991750072913
537,-0.3819434759560091,0.2742346412691743,-0.49447659446782183,-0.4997242765537569,0.7095586840858435,-0.045889490278071966,0.2632570872831914,0.57593506839761
2,0.6186916940030155,-0.7813510810764571,1.0320743177975737,-0.2142516332927768,-0.6998617491464052,1.5630560849864024e-16,-0.3635024428828852,-0.25986833175973006
686,-0.006705287221374883,1.3298203636148058,-1.1050969593739801,-0.642460598184247,-0.34379763969825816,-0.7743937742865022,-0.3653993649022315,-0.7468567981504068
217,0.7437710902478936,0.2742346412691743,1.9480048651568111,1.9267931911645737,0.2941505563963385,3.1848686388027927,1.2076075494152547,3.888226568746209
46,-0.006705287221374883,-0.7813510810764571,0.7267641353444947,0.9276389397511435,-0.8482217947497999,-0.2992822847157869,-0.6436035977569581,-0.6061590469002202
671,-1.0073404571803994,-0.7813510810764571,-1.2577520506005195,-0.2142516332927768,0.3831665837583755,-0.8377419728959309,-0.543735107081381,-0.41109756211285586
225,-1.5076580421599117,-0.7813510810764571,-0.49447659446782183,-0.927933241445227,-0.34379763969825816,-0.8694160722006453,-0.7289650886275386,-0.6408142892428349
18,0.4936122977581374,-0.7813510810764571,-0.34182150324128224,0.07122100996820328,-0.6701897400257263,0.5242442972067866,-0.5566922391217013,-0.00835788935269713
168,0.7437710902478936,2.385406085960437,0.8794192265710342,-0.7851969198147369,-1.2636299224393048,-0.014215390973357545,-0.6953938575783715,-0.8589206237567477
682,0.11837410902350319,2.385406085960437,-1.1050969593739801,1.2131115830121235,0.1902985244739624,-0.45765278123935865,-0.7143670365656133,0.06322321018770147
292,1.9945650526966743,0.2742346412691743,1.642694682703732,2.3550021560560435,-1.1004338722755707,3.6283060290687934,-0.2233578440935855,0.15028595884322316
507,-1.2574992496701556,-0.7813510810764571,0.11614377043833642,-0.927933241445227,-0.9965818403531944,-0.7743937742865022,-0.8590609492065275,-0.7913640911175845
693,-1.6327374384047897,1.3298203636148058,-1.2577520506005195,-0.927933241445227,-0.818549785629121,-0.7743937742865022,-0.7838306714166641,-0.7488221429536616
527,0.8688504864927716,-0.7813510810764571,-0.7997867769209009,0.21395733159869332,0.0567744834309072,-0.6476973770676447,-0.4885653569701966,-0.3582885446365348
328,-0.7571816646906433,-0.7813510810764571,-1.1050969593739801,-0.07151531166228677,-0.3289616351379187,-0.4259786819346442,-0.8252528503295534,-0.20758239316661206
283,-0.7571816646906433,0.2742346412691743,-1.1050969593739801,-0.2142516332927768,0.027102474310228386,-0.6160232777629304,-0.5526503106728267,-0.3065790396480826
648,0.9939298827376497,-0.7813510810764571,0.4214539528914155,1.2131115830121235,-1.3229739406806624,-0.2359340861063582,-0.8096459656528174,-0.8906086006721804
538,0.8688504864927716,0.2742346412691743,1.4900395914771924,2.069529512795064,-0.09158556217248741,0.6826147937303583,0.1544060935219168,0.5931490575197256
523,1.61932686396204,-0.7813510810764571,1.3373845002506528,1.9267931911645737,-1.0410898540342128,0.6826147937303583,0.04013946987027929,-0.774763343604182
372,0.9939298827376497,-0.7813510810764571,-0.03651132078820315,0.35669365322918334,-1.0262538494738733,0.01745870833135672,-0.4815503743929134,-0.7194905536734715
93,-0.3819434759560091,0.2742346412691743,-1.2577520506005195,-0.35698795492326685,-0.6553537354653869,-0.8377419728959309,-0.7327120869398402,-0.7398653035100999
213,-0.006705287221374883,1.3298203636148058,-0.49447659446782183,-0.7851969198147369,-0.7146977537067447,-0.2359340861063582,-0.5447208467324777,-0.5139256178963417
258,1.9945650526966743,1.3298203636148058,1.1847294090241134,2.3550021560560435,-0.8630577993101393,1.1894003826057882,0.7904206237455135,-0.6535792375087855
337,0.4936122977581374,-0.7813510810764571,1.7953497739302715,0.4994299748596734,-0.2992896260172399,-0.17258588749692932,-0.4177108659046129,-0.173704171166315
291,-0.256864079711131,-0.7813510810764571,0.11614377043833642,-0.07151531166228677,-0.6998617491464052,-0.39430458262992996,-0.6008684189071997,-0.5655588053718152
422,1.61932686396204,-0.7813510810764571,-0.7997867769209009,-0.2142516332927768,-0.4773216807413133,-0.6476973770676447,-0.4239895128389082,-0.6831012828833116
106,2.24472384518643,-0.7813510810764571,0.11614377043833642,1.3558479046426137,0.14579051079294392,0.1758292048549285,0.4018148695658726,0.21798567124124882
115,-1.2574992496701556,0.2742346412691743,-0.6471316856943614,-0.35698795492326685,-0.7443697628274236,-0.3626304833252155,-0.5637666036056771,-0.5994059600659438
670,-1.5076580421599117,0.2742346412691743,-0.7997867769209009,-0.642460598184247,-0.5811737126636896,-0.6476973770676447,-0.5642099885089817,-0.6680674082027445
695,0.11837410902350319,0.2742346412691743,-0.34182150324128224,0.9276389397511435,-0.8333857901894605,-0.5526750791535018,-0.7554316044404205,-0.6613751052283626
404,-0.13178468346625294,-0.7813510810764571,1.4900395914771924,0.21395733159869332,0.7689027023272014,-0.33095638402050115,0.45699781565632186,0.0668243161983386
36,-0.6321022684457652,0.2742346412691743,0.268798861664876,-0.642460598184247,0.8727547342495778,-0.7110455756770736,0.0017893149302859973,-0.27224156181747194
453,0.4936122977581374,-0.7813510810764571,-1.2577520506005195,-0.07151531166228677,-0.34379763969825816,-0.17258588749692932,-0.22497699074940322,-0.3118557540631442
392,-0.256864079711131,-0.7813510810764571,-0.9524418681474405,0.7849026181206534,-1.0559258585945523,-0.014215390973357545,-0.5818530127863097,-0.7090154684849901
204,-0.7571816646906433,1.3298203636148058,-0.1891664120147427,-1.070669563075717,-0.6998617491464052,0.5875924958162153,-0.5511162780832684,-0.015263948901041212
244,-1.0073404571803994,1.3298203636148058,-0.7997867769209009,-0.642460598184247,0.4573466065600728,-0.2992822847157869,0.12820943548500463,0.03890291246770024
221,1.61932686396204,1.3298203636148058,-1.2577520506005195,2.640474799317024,0.08644649255158628,-0.8060678735912165,-0.3678221466952887,-0.5862280192408214
246,0.4936122977581374,-0.7813510810764571,1.0320743177975737,1.0703752613816335,-1.248793917878965,-0.17258588749692932,-0.8361672447796491,-0.8024058169555267
432,0.6186916940030155,-0.7813510810764571,0.11614377043833642,-0.642460598184247,-0.5366656989826712,0.6192665951209295,-0.4071725568635701,0.16737027573089736
464,1.61932686396204,-0.7813510810764571,-1.2577520506005195,2.069529512795064,1.7925870169906242,-0.45765278123935865,0.828454075183146,0.36770982568576527
506,2.1196444489415525,-0.7813510810764571,1.642694682703732,2.3550021560560435,-0.818549785629121,1.5630560849864024e-16,-0.6661456293364239,0.28606865964472045
351,-1.6327374384047897,-0.7813510810764571,-1.1050969593739801,-0.7851969198147369,1.2436548482580643,1.5630560849864024e-16,-0.3963373382890645,-0.19680001179755294
249,-0.006705287221374883,0.2742346412691743,0.268798861664876,1.0703752613816335,0.4573466065600728,1.6961859714812175,2.2879927225945287,1.7630046803159134
122,-0.13178468346625294,2.385406085960437,-0.34182150324128224,-0.7851969198147369,3.721267609834754,-0.5526750791535018,0.37967729475087975,1.5567677451988393
593,-0.5070228722008872,-0.7813510810764571,-0.1891664120147427,-0.927933241445227,0.3089865609566782,-0.7743937742865022,-0.8553000951159976,-0.1989578388238069
164,-0.006705287221374883,0.2742346412691743,-1.1050969593739801,-0.07151531166228677,0.338658570077357,-0.6476973770676447,-0.538398653066608,-0.1787978586254723
629,-1.2574992496701556,-0.7813510810764571,-0.34182150324128224,-0.35698795492326685,1.4810309212234953,-0.7110455756770736,0.5641227753297321,-0.2554517089621754
565,1.61932686396204,2.385406085960437,0.8794192265710342,0.21395733159869332,0.9320987524909354,0.4608960985973577,2.32819361362644,0.6283966048082011
576,-1.3825786459150335,-0.7813510810764571,-0.03651132078820315,-1.213405884706207,-0.6850257445860658,-0.8694160722006453,-0.5527189297650047,-0.8630539262295722
239,0.4936122977581374,-0.7813510810764571,-0.34182150324128224,1.4985842262731037,1.4365229075424768,-0.07756358958278622,0.7480984790467499,0.9720999536458496
83,-0.006705287221374883,2.385406085960437,-0.6471316856943614,1.0703752613816335,0.1161185016722651,-0.4893268805440729,0.28821068407333894,-0.5376995362535134
459,-0.6321022684457652,-0.7813510810764571,0.268798861664876,-0.927933241445227,-0.8630577993101393,-0.8060678735912165,-0.706599883170224,-0.823468775161405
295,1.2440886752274058,-0.7813510810764571,0.268798861664876,0.7849026181206534,-0.7146977537067447,0.23917740346435734,-0.3132382980634712,-0.35887206969152174
589,-0.7571816646906433,0.2742346412691743,-0.7997867769209009,-0.35698795492326685,-0.6108457217843686,-0.584349178458216,-0.5735962885601884,-0.6382745369635773
70,-0.13178468346625294,0.2742346412691743,-0.7997867769209009,-0.07151531166228677,1.91127505347334,-0.7427196749817878,-0.0033419416069158086,0.17241837529513357
433,-0.7571816646906433,0.2742346412691743,-1.2577520506005195,-0.07151531166228677,0.3980025883187149,-0.7110455756770736,-0.2430013788274903,-0.3846890011173691
397,1.7444062602069181,-0.7813510810764571,0.4214539528914155,-0.4997242765537569,-0.017405539370790105,1.5630560849864024e-16,0.6934037841891063,-0.4921508131534771
98,-0.7571816646906433,0.2742346412691743,-0.6471316856943614,0.07122100996820328,-0.5811737126636896,-0.8060678735912165,-0.4789553850704479,-0.8180728568433281
483,-1.2574992496701556,0.2742346412691743,-0.34182150324128224,-0.927933241445227,-0.8482217947497999,-0.584349178458216,-0.8820219531276576,-0.6208991329246307
643,-0.8822610609355214,0.2742346412691743,-0.49447659446782183,-0.35698795492326685,-1.0855978677152311,-0.6160232777629304,-0.7049484063652072,-0.8617973887703092
359,-1.7578168346496679,1.3298203636148058,-1.2577520506005195,-1.070669563075717,-0.37346964881893707,-0.584349178458216,0.08084114831529865,-0.8327403399239757
30,1.2440886752274058,-0.7813510810764571,-0.7997867769209009,0.9276389397511435,-1.204285904197947,-0.7743937742865022,-0.8590609492065275,-0.8859167620645478
340,1.3691680714722838,-0.7813510810764571,-0.34182150324128224,1.4985842262731037,0.2941505563963385,-0.4259786819346442,0.3817239911348838,-0.3856487107274807
582,0.11837410902350319,-0.7813510810764571,0.11614377043833642,-1.070669563075717,-0.061913553051808325,-0.14091178819221506,0.37521177536759787,-0.3357147698241683
127,-0.7571816646906433,0.2742346412691743,0.11614377043833642,-0.7851969198147369,-1.3081379361203231,-0.26760818541107245,-0.8445400936233025,-0.8649828007168903
584,-1.2574992496701556,2.385406085960437,-1.2577520506005195,-1.070669563075717,3.4393835231883045,-0.8377419728959309,0.9201476567040451,0.09182809465404218
1,-1.0073404571803994,-0.7813510810764571,0.268798861664876,-0.35698795492326685,1.0507867889736513,-0.4259786819346442,-0.02956037300961547,0.35873340033179313
408,-0.5070228722008872,-0.7813510810764571,0.7267641353444947,0.4994299748596734,-0.7740417719481025,-0.5526750791535018,-0.7715716066794631,-0.6166442627320173
27,0.9939298827376497,-0.7813510810764571,2.5586252300629693,1.7840568695340837,0.9617707616116142,0.6192665951209295,-0.30071795293682285,2.295702271659126
89,-1.5076580421599117,0.2742346412691743,-1.2577520506005195,-1.070669563075717,2.5937312632489546,-0.8694160722006453,0.4200952596417009,-0.09225042202661152
308,-1.1324198534252774,-0.7813510810764571,0.268798861664876,-1.070669563075717,-0.4624856761809739,-0.6160232777629304,-0.06637847475694011,-0.834047868287928
73,0.9939298827376497,1.3298203636148058,-1.1050969593739801,-0.4997242765537569,0.0567744834309072,1.5630560849864024e-16,0.07360183409051,-0.5744183906395456
184,-0.8822610609355214,2.385406085960437,-1.2577520506005195,-0.2142516332927768,2.074471103637074,-0.4893268805440729,0.011645391843327498,0.8965179253719525
171,-0.5070228722008872,-0.7813510810764571,-0.6471316856943614,0.21395733159869332,0.1606265153532836,-0.5210009798487873,-0.7362802797331008,-0.022140291895659175
676,-1.1324198534252774,0.2742346412691743,-0.03651132078820315,-1.070669563075717,0.2348065381549809,-0.14091178819221506,-0.6356002363327251,0.45177390391982625
552,-0.3819434759560091,0.2742346412691743,0.574109044117955,-0.7851969198147369,1.1843108300167062,0.5875924958162153,2.733243537367182,1.0056283307636429
530,0.24345350526838125,-0.7813510810764571,-0.34182150324128224,0.21395733159869332,0.21997053359464122,-0.4259786819346442,0.19401976347653538,-0.341922490359947
455,-0.6321022684457652,-0.7813510810764571,-1.2577520506005195,0.35669365322918334,0.2644785472756597,-0.8694160722006453,-0.7277873474781358,-0.4060484494842881
91,-1.2574992496701556,-0.7813510810764571,-1.1050969593739801,-0.35698795492326685,0.175462519913623,-0.9327642708100741,-0.6835082390543704,-0.5401477750548188
533,-0.7571816646906433,-0.7813510810764571,0.11614377043833642,-0.07151531166228677,-0.2992896260172399,-0.45765278123935865,-0.8260841970232494,-0.2139106683578481
370,-0.13178468346625294,-0.7813510810764571,0.7267641353444947,0.35669365322918334,-0.09158556217248741,0.20750330415964294,0.308894061973327,0.02781053341317933
603,0.7437710902478936,2.385406085960437,0.11614377043833642,0.6421662964901634,-0.7740417719481025,0.08080690694078556,-0.6399417135109159,-0.34632493025685973
125,0.7437710902478936,-0.7813510810764571,-0.1891664120147427,0.35669365322918334,-0.8630577993101393,-0.045889490278071966,-0.4701991930291457,-0.5878610789433196
678,-0.13178468346625294,-0.7813510810764571,0.11614377043833642,-0.07151531166228677,-0.13609357585350562,0.11248100624549998,-0.6514776385843939,0.3734518743171301
410,1.2440886752274058,0.2742346412691743,1.9480048651568111,2.497738477686534,-1.0707618631548919,2.773105347841506,0.7595314754819609,-0.5189038160216993
315,0.11837410902350319,-0.7813510810764571,-0.6471316856943614,0.9276389397511435,1.0507867889736513,-0.8694160722006453,-0.5848768714348884,-0.1749336935767361
376,-0.13178468346625294,2.385406085960437,-0.1891664120147427,0.9276389397511435,-0.56633770810335,-0.14091178819221506,-0.3016891770107281,-0.4485296137883166
12,2.1196444489415525,-0.7813510810764571,2.40597013883643,0.7849026181206534,-0.03224154393112951,0.6192665951209295,1.6644061656427251,-0.1580638086392452
604,-1.1324198534252774,-0.7813510810764571,-0.7997867769209009,-0.4997242765537569,2.2970111720421658,-0.4893268805440729,0.7386864468359763,0.6713093345174803
696,-0.7571816646906433,0.2742346412691743,-0.34182150324128224,-0.642460598184247,0.1902985244739624,-0.7427196749817878,-0.6845474224214904,-0.3015457983607095
699,0.24345350526838125,-0.7813510810764571,0.574109044117955,0.7849026181206534,0.665050670404825,1.5630560849864024e-16,1.0475495581160807,0.1806090004159143
516,0.4936122977581374,-0.7813510810764571,2.1006599563833506,0.07122100996820328,0.6057066521634674,0.904333488863359,1.5305481313752796,1.2743676205696546
556,-0.13178468346625294,1.3298203636148058,-0.1891664120147427,-1.213405884706207,-1.1894498996376073,-0.5526750791535018,-0.8456445970877846,-0.8340255808726333
238,0.24345350526838125,0.2742346412691743,0.4214539528914155,-0.642460598184247,-0.9965818403531944,0.9676816874727875,-0.5109345212212907,-0.3194871676728958
114,-0.13178468346625294,-0.7813510810764571,1.1847294090241134,2.3550021560560435,-0.239945607775882,0.6192665951209295,0.3027500140275349,0.2362694562975074
557,2.1196444489415525,2.385406085960437,0.7267641353444947,1.2131115830121235,-0.37346964881893707,6.003863476922371,3.9458458247922965,2.5975454646280016
309,0.7437710902478936,-0.7813510810764571,-0.6471316856943614,1.4985842262731037,-0.017405539370790105,-0.6160232777629304,-0.2286230398203275,-0.49774427901621104
409,0.4936122977581374,-0.7813510810764571,0.268798861664876,-0.642460598184247,-0.8037137810687816,-0.4259786819346442,-0.8065990140405249,-0.5521161170680412
143,-0.5070228722008872,-0.7813510810764571,0.4214539528914155,-0.07151531166228677,-0.1657655849741847,-0.6160232777629304,-0.835275196581334,-0.2716789734253374
601,0.7437710902478936,-0.7813510810764571,2.40597013883643,0.4994299748596734,0.5611986384824489,1.2210744819105026,3.418772020988977,0.7067757037015757
14,1.61932686396204,-0.7813510810764571,2.1006599563833506,0.9276389397511435,-0.1657655849741847,1.7595341700906462,1.515357579844355,0.829977833945469
658,1.869485656451796,-0.7813510810764571,-0.6471316856943614,-0.642460598184247,0.338658570077357,-0.6793714763723592,-0.8353906613999029,-0.06900701169107408
54,0.6186916940030155,0.2742346412691743,-0.7997867769209009,-0.927933241445227,-0.10642156673282681,-0.5210009798487873,-0.5632862699604305,-0.2808742206749295
430,-0.13178468346625294,-0.7813510810764571,0.574109044117955,-0.4997242765537569,2.207995144680129,1.5630560849864024e-16,4.229403666434839,2.131615566497766
208,0.11837410902350319,-0.7813510810764571,0.8794192265710342,0.35669365322918334,-0.4476496716206344,1.1577262833010737,0.24913211107791688,0.37447304316335733
344,1.1190092789825277,0.2742346412691743,1.4900395914771924,-0.642460598184247,0.4721826111204122,0.9360075881680731,2.0550704925877086,0.8293038084768615
131,-0.256864079711131,-0.7813510810764571,-0.49447659446782183,0.21395733159869332,0.3980025883187149,-0.8377419728959309,-0.27874928665642207,-0.540640124319964
380,-0.8822610609355214,-0.7813510810764571,0.574109044117955,-0.2142516332927768,-0.37346964881893707,0.01745870833135672,0.29477898275250125,-0.4481969909994496
174,-0.256864079711131,-0.7813510810764571,-0.34182150324128224,0.7849026181206534,-0.40314165793961604,-0.7427196749817878,-0.5542338281846286,-0.6518989014708136
550,-0.3819434759560091,-0.7813510810764571,-1.2577520506005195,-0.642460598184247,-1.0707618631548919,-0.7743937742865022,-0.7545487934275908,-0.8786226988772108
191,-0.6321022684457652,-0.7813510810764571,-1.1050969593739801,-0.07151531166228677,0.1161185016722651,-0.8694160722006453,-0.43604403989750146,-0.6127709801042972
270,1.9945650526966743,0.2742346412691743,2.1006599563833506,2.069529512795064,-0.38830565337927664,2.3930161561849332,1.803544571013067,0.6892361832409142
407,0.8688504864927716,1.3298203636148058,-1.2577520506005195,0.07122100996820328,-0.5366656989826712,0.6192665951209295,-0.7443984461769395,0.3399640197726
610,0.7437710902478936,0.2742346412691743,-0.6471316856943614,0.7849026181206534,1.3326708756201007,-0.584349178458216,0.04330650489388342,0.19615751177692128
123,-0.5070228722008872,-0.7813510810764571,-0.9524418681474405,-0.642460598184247,0.3683305791980358,-0.7110455756770736,-0.2075398237486094,-0.41769666316873294
138,-0.7571816646906433,-0.7813510810764571,-0.03651132078820315,0.21395733159869332,-0.5218296944223317,1.5630560849864024e-16,-0.6185404743389108,-0.6078427598192971
640,0.7437710902478936,-0.7813510810764571,-1.1050969593739801,1.0703752613816335,-0.8630577993101393,-0.8060678735912165,-0.7689297716306066,-0.7915680547363415
51,1.3691680714722838,-0.7813510810764571,-1.1050969593739801,0.4994299748596734,0.5611986384824489,-0.7743937742865022,-0.39443051928526945,-0.32001902644697244
220,-0.8822610609355214,-0.7813510810764571,0.4214539528914155,-0.35698795492326685,-1.1597778905169285,-0.6476973770676447,-0.8576516186210238,-0.8339587186267494
112,-1.7578168346496679,1.3298203636148058,-1.2577520506005195,-0.927933241445227,-0.37346964881893707,-0.6476973770676447,-0.37843171402436254,-0.6496863689706548
265,-0.256864079711131,-0.7813510810764571,-0.1891664120147427,-1.213405884706207,-0.56633770810335,-0.7110455756770736,-0.5121492111126354,-0.729831914370185
275,-1.0073404571803994,0.2742346412691743,-1.1050969593739801,-1.213405884706207,0.012266469749888978,-0.7743937742865022,-0.6796088271815577,-0.42395267310431667
272,-1.0073404571803994,1.3298203636148058,-0.34182150324128224,-0.642460598184247,0.027102474310228386,-0.584349178458216,-0.314610679907033,-0.3932892419162164
342,0.4936122977581374,0.2742346412691743,1.0320743177975737,1.4985842262731037,-0.7888777765084419,-0.39430458262992996,-0.65004191604036,-0.6052277030913926
256,0.36853290151325935,-0.7813510810764571,1.4900395914771924,1.4985842262731037,-0.8482217947497999,-0.014215390973357545,-0.528580844493435,-0.5282645304454486
182,1.2440886752274058,1.3298203636148058,1.1847294090241134,1.7840568695340837,-1.0707618631548919,1.1260521839963593,-0.3266031858630807,-0.4898086084188766
105,0.6186916940030155,-0.7813510810764571,-0.03651132078820315,1.2131115830121235,-0.981745835792855,-0.5210009798487873,-0.5758488422207269,-0.8323053976376197
446,-0.3819434759560091,1.3298203636148058,-0.49447659446782183,0.07122100996820328,-0.8482217947497999,-0.6793714763723592,-0.7132288833540055,-0.7528760887205126
689,-0.6321022684457652,-0.7813510810764571,-0.6471316856943614,-0.927933241445227,0.07161048799124661,-0.8377419728959309,-0.778388649567771,-0.41864691751174987
602,0.8688504864927716,0.2742346412691743,0.4214539528914155,-0.4997242765537569,-0.5069936898619923,0.904333488863359,0.9647500666198033,-0.2848967614475018
240,-0.6321022684457652,-0.7813510810764571,-0.6471316856943614,-0.642460598184247,1.1991468345770457,-0.7427196749817878,-0.6037820911289155,0.13933675954756486
230,1.3691680714722838,1.3298203636148058,0.11614377043833642,0.21395733159869332,0.754066697766862,0.49257019790207207,0.1316271941146441,1.5651923881802141
153,-0.8822610609355214,-0.7813510810764571,-0.03651132078820315,-0.35698795492326685,-0.4476496716206344,-0.45765278123935865,-0.5235927643312586,-0.4700335926665403
326,0.6186916940030155,-0.7813510810764571,0.574109044117955,-0.35698795492326685,1.0656227935339904,1.4111190777387883,0.9006189269897458,3.301080146461966
205,0.6186916940030155,1.3298203636148058,1.3373845002506528,0.35669365322918334,-0.625681726344708,2.2663197589660764,0.7615900482473036,0.49310692864807015
458,1.869485656451796,-0.7813510810764571,-1.1050969593739801,2.497738477686534,0.6057066521634674,-0.584349178458216,0.2933201672447536,-0.3620152706242873
521,-1.0073404571803994,0.2742346412691743,-0.49447659446782183,-0.35698795492326685,-0.5069936898619923,-0.6160232777629304,-0.462851671774384,-0.6564576909628995
294,-0.5070228722008872,-0.7813510810764571,0.268798861664876,0.4994299748596734,-0.061913553051808325,0.1441551055502141,1.2071311745637876,-0.46365398888250436
150,1.2440886752274058,0.2742346412691743,1.0320743177975737,0.7849026181206534,1.169474825456367,0.20750330415964294,0.09488167025327689,1.6012210080683331
156,-0.256864079711131,-0.7813510810764571,0.574109044117955,0.35669365322918334,0.1606265153532836,-0.39430458262992996,0.4602149954011333,-0.4818769900788685
465,-0.8822610609355214,-0.7813510810764571,-0.6471316856943614,-1.070669563075717,2.0151270853957164,-0.9010901715053597,-0.21227322151097103,-0.07285834459161039
163,-0.3819434759560091,-0.7813510810764571,-0.03651132078820315,-0.35698795492326685,-0.9075658129911578,-0.584349178458216,-0.7131160577312896,-0.7424655019611415
167,0.4936122977581374,-0.7813510810764571,-0.6471316856943614,0.07122100996820328,-0.5515017035430106,-0.20425998680164376,-0.15097129983533328,-0.5560596388227507
591,-1.6327374384047897,1.3298203636148058,-1.2577520506005195,-1.213405884706207,-0.26961761689656083,-0.6793714763723592,-0.6823166421267393,-0.4657908792459058
206,-0.256864079711131,-0.7813510810764571,-0.1891664120147427,-0.35698795492326685,-0.625681726344708,-0.584349178458216,-0.5701481791782395,-0.6488191859028268
188,0.11837410902350319,-0.7813510810764571,-1.1050969593739801,-0.642460598184247,-0.13609357585350562,-0.9010901715053597,-0.6426416108685383,-0.6360302617810292
320,-1.3825786459150335,-0.7813510810764571,-0.03651132078820315,-0.642460598184247,-0.7740417719481025,-0.6476973770676447,-0.6765605559713388,-0.7159245672263288
324,0.6186916940030155,0.2742346412691743,-0.49447659446782183,0.4994299748596734,0.9172627479305958,-0.2992822847157869,0.1169400691926799,0.41106222531494796
145,0.8688504864927716,0.2742346412691743,-0.49447659446782183,-0.7851969198147369,-1.0114178449135338,-0.10923768888750066,-0.6938011028810838,-0.6415892834564895
158,-0.256864079711131,-0.7813510810764571,0.11614377043833642,-0.642460598184247,0.5315266293617701,1.5630560849864024e-16,-0.038486133384473126,-0.0962918733333731
226,-0.7571816646906433,0.2742346412691743,0.268798861664876,-0.07151531166228677,1.169474825456367,-0.014215390973357545,1.515067268300525,0.4465127231578489
216,1.3691680714722838,-0.7813510810764571,0.8794192265710342,2.3550021560560435,-0.002569534810450695,-0.2992822847157869,-0.03796753139935786,-0.242438559934989
194,-0.256864079711131,0.2742346412691743,0.7267641353444947,-0.927933241445227,-0.4476496716206344,-0.14091178819221506,-0.8086259164556315,-0.08101688934189115
202,1.61932686396204,2.385406085960437,-0.7997867769209009,2.069529512795064,-0.061913553051808325,0.01745870833135672,-0.28529317277394417,0.167801841136148
298,-1.2574992496701556,0.2742346412691743,-0.6471316856943614,-0.4997242765537569,-0.7740417719481025,-0.5526750791535018,-0.5658132999896812,-0.7219522999991977
590,1.9945650526966743,-0.7813510810764571,0.268798861664876,-1.070669563075717,0.44251060199973313,-0.014215390973357545,2.344284130943239,-0.7059398051743295
624,-0.7571816646906433,-0.7813510810764571,-0.34182150324128224,-0.642460598184247,-0.7146977537067447,1.5630560849864024e-16,-0.15639880610703494,-0.5485541828782249
546,-0.5070228722008872,0.2742346412691743,0.11614377043833642,-0.07151531166228677,0.4870186156807516,0.2708515027690718,-0.13995595614386017,1.0203714559810482
535,-0.13178468346625294,-0.7813510810764571,1.0320743177975737,-1.213405884706207,0.44251060199973313,0.7142888930350727,1.5399759987611712,0.7309298588711987
79,-0.13178468346625294,-0.7813510810764571,1.0320743177975737,0.21395733159869332,-1.0410898540342128,-0.17258588749692932,-0.4754538319724756,-0.8026428740091152
389,-0.13178468346625294,-0.7813510810764571,0.7267641353444947,-0.07151531166228677,-0.6108457217843686,0.36587380068321473,-0.35810990595623593,-0.13059220547182607
563,0.11837410902350319,0.2742346412691743,0.4214539528914155,-0.07151531166228677,-1.3229739406806624,0.1441551055502141,-0.7484548902030058,-0.8692471261765983
175,-1.1324198534252774,-0.7813510810764571,-0.34182150324128224,-1.213405884706207,0.012266469749888978,-0.7110455756770736,-0.452896625016855,-0.47042125861742284
628,-1.1324198534252774,-0.7813510810764571,-0.9524418681474405,-0.35698795492326685,1.4216869029821377,-0.7427196749817878,-0.2534525944053839,0.0664082844461721
94,0.7437710902478936,1.3298203636148058,-0.9524418681474405,-1.213405884706207,2.3860271994042024,-0.9327642708100741,0.3653048939343861,-0.32220218008151574
229,-1.5076580421599117,-0.7813510810764571,-0.1891664120147427,-0.7851969198147369,0.6205426567238068,-0.7110455756770736,-0.3681546853727671,-0.20919789308736295
519,-0.7571816646906433,0.2742346412691743,0.11614377043833642,-1.213405884706207,-1.2784659269996443,0.04913280763607114,-0.7690590922274039,-0.8252706789191656
280,-0.5070228722008872,-0.7813510810764571,0.4214539528914155,-0.35698795492326685,-0.8037137810687816,1.5630560849864024e-16,-0.7004400000493141,-0.6550758712146317
540,-0.13178468346625294,-0.7813510810764571,1.1847294090241134,0.07122100996820328,-0.38830565337927664,0.11248100624549998,0.04406659329954833,-0.25808432547182725
403,-0.6321022684457652,1.3298203636148058,-1.2577520506005195,-0.07151531166228677,2.890451354455744,0.6509406944256438,1.6446187947348319,4.209928524118831
531,-1.6327374384047897,1.3298203636148058,-1.1050969593739801,-0.7851969198147369,0.5315266293617701,1.5630560849864024e-16,0.3759837401546014,-0.49482327686017086
228,-1.6327374384047897,0.2742346412691743,-1.2577520506005195,-0.7851969198147369,-0.6850257445860658,-0.7743937742865022,-0.7916294951622893,-0.6840468095927813
100,0.4936122977581374,-0.7813510810764571,2.1006599563833506,0.07122100996820328,-1.1301058813962497,2.171297461051933,-0.2770074173934398,-0.3335157448484304
290,-1.5076580421599117,0.2742346412691743,-0.7997867769209009,-0.642460598184247,-0.8630577993101393,-0.33095638402050115,-0.7556044717687922,-0.5755138508700883
623,0.36853290151325935,-0.7813510810764571,1.4900395914771924,-0.2142516332927768,-0.4773216807413133,0.01745870833135672,-0.5750174955270309,-0.10940295191261165
366,0.11837410902350319,3.4409918083060687,-0.49447659446782183,0.4994299748596734,-0.3141256305775793,-0.7743937742865022,-0.4473463961379887,-0.6914084104022233
662,-0.5070228722008872,1.3298203636148058,-0.34182150324128224,-0.07151531166228677,-1.1004338722755707,0.30252560207378587,-0.6629739757200769,-0.6175195503144978
53,0.36853290151325935,-0.7813510810764571,-0.7997867769209009,1.3558479046426137,-0.9669098312325155,-0.6160232777629304,-0.7226640085284929,-0.7851928408977427
227,0.6186916940030155,2.385406085960437,-0.49447659446782183,-0.35698795492326685,-1.2339579133186258,0.9676816874727875,-0.34446724279309787,-0.8099116105881631
391,-1.3825786459150335,1.3298203636148058,-0.9524418681474405,-0.4997242765537569,-0.56633770810335,1.5630560849864024e-16,-0.7499724278184828,-0.7377851447492668
675,1.61932686396204,0.2742346412691743,3.3219006861956673,-0.07151531166228677,-0.56633770810335,1.7912082693953606,0.30849290420367054,0.557510805087373
698,1.2440886752274058,-0.7813510810764571,1.642694682703732,1.9267931911645737,-0.26961761689656083,1.0310298860822162,0.5909185308252763,0.41431483719552337
154,-1.0073404571803994,0.2742346412691743,-0.7997867769209009,-0.4997242765537569,0.44251060199973313,-0.3626304833252155,0.14944176612241725,-0.07293263597592574
251,-0.256864079711131,-0.7813510810764571,0.7267641353444947,-0.7851969198147369,1.6442269713872297,0.23917740346435734,0.8621038223089401,1.8315877848110722
499,0.7437710902478936,0.2742346412691743,-0.34182150324128224,-1.213405884706207,1.3771788893011192,-0.26760818541107245,2.049900307911675,-0.14599483556908652
475,2.1196444489415525,0.2742346412691743,0.574109044117955,1.0703752613816335,-0.37346964881893707,0.9993557867775019,-0.2719454397473792,0.6479166660370913
271,-1.6327374384047897,-0.7813510810764571,-0.6471316856943614,-1.070669563075717,-1.3378099452410022,-0.9010901715053597,-0.8726000239324353,-0.9559802912362477
44,-1.1324198534252774,-0.7813510810764571,-1.2577520506005195,-1.213405884706207,-0.40314165793961604,-0.9644383701147883,-0.7288166338608072,-0.7398328854514896
113,0.8688504864927716,-0.7813510810764571,0.574109044117955,0.35669365322918334,1.6590629759475688,0.20750330415964294,0.6630913002194351,1.8787378249312177
24,-1.7578168346496679,-0.7813510810764571,-1.1050969593739801,-0.927933241445227,1.1546388208960274,-0.9010901715053597,-0.7687212751582194,-0.10144026626643521
211,1.1190092789825277,-0.7813510810764571,-0.49447659446782183,-0.7851969198147369,-0.18060158953452413,0.11248100624549998,0.3714113333392727,-0.19869444209759737
169,-0.13178468346625294,-0.7813510810764571,1.1847294090241134,0.07122100996820328,-0.9224018175514972,1.094378084691645,0.21630579305825984,-0.5110289292842594
520,-0.006705287221374883,1.3298203636148058,-0.1891664120147427,-0.4997242765537569,0.724394688646183,-0.20425998680164376,-0.015931565624705695,0.47839115616761746
32,-1.0073404571803994,-0.7813510810764571,-0.9524418681474405,-0.2142516332927768,-0.625681726344708,-0.584349178458216,-0.4517802451710345,-0.7094004329309883
109,-0.13178468346625294,0.2742346412691743,0.11614377043833642,0.6421662964901634,-0.017405539370790105,0.01745870833135672,-0.19063841350597532,0.16494499972110768
136,-1.0073404571803994,0.2742346412691743,-1.1050969593739801,-1.213405884706207,0.3238225655170176,-0.6793714763723592,-0.740165176028722,-0.12551067478464775
330,-0.7571816646906433,-0.7813510810764571,-1.1050969593739801,-1.070669563075717,-1.3526459498013417,-0.8377419728959309,-0.9086131709445939,-0.9355224701244301
222,1.61932686396204,1.3298203636148058,1.3373845002506528,2.497738477686534,0.2644785472756597,2.171297461051933,1.2994317711308774,2.4465786179367535
28,-0.256864079711131,0.2742346412691743,0.574109044117955,-0.07151531166228677,1.213982839137385,0.42922199929264354,1.1066174005021512,1.5700186266558351
287,0.36853290151325935,0.2742346412691743,-0.9524418681474405,1.0703752613816335,1.851931035231982,-0.7110455756770736,-0.13094112290896365,0.2860136164827048
55,0.24345350526838125,-0.7813510810764571,-1.1050969593739801,-0.7851969198147369,0.724394688646183,-0.6476973770676447,0.26004254673423316,-0.3767263154711926
615,0.11837410902350319,-0.7813510810764571,1.7953497739302715,0.9276389397511435,-0.7146977537067447,1.5630560849864024e-16,-0.23143378340377613,-0.2548587286400938
663,0.36853290151325935,-0.7813510810764571,0.4214539528914155,0.6421662964901634,-0.3289616351379187,-0.2992822847157869,-0.09329827245757534,-0.47413988009052266
48,-1.5076580421599117,0.2742346412691743,-1.2577520506005195,-0.927933241445227,0.175462519913623,-0.7427196749817878,-0.4165628157085564,-0.44579298934062306
685,-0.006705287221374883,-0.7813510810764571,-0.1891664120147427,-0.4997242765537569,0.8727547342495778,-0.17258588749692932,0.19438001371047034,0.5534420010436593
477,-1.2574992496701556,-0.7813510810764571,-0.49447659446782183,-0.4997242765537569,0.10128249711192569,-0.7110455756770736,-0.6625305908167725,-0.31855481079973663
63,-0.256864079711131,0.2742346412691743,-0.6471316856943614,0.07122100996820328,-0.4773216807413133,0.3341997013785003,0.49672695042950943,-0.42154495687627425
413,-1.2574992496701556,2.385406085960437,-1.2577520506005195,-0.35698795492326685,0.2793145518359991,1.5630560849864024e-16,0.12549106375641106,-0.5509976940459829
384,2.1196444489415525,3.4409918083060687,0.11614377043833642,-1.213405884706207,-0.12125757129316622,0.8093111909492157,-0.05136145035335056,0.7808577213885217
619,0.7437710902478936,0.2742346412691743,-0.1891664120147427,1.2131115830121235,0.7689027023272014,0.5875924958162153,2.1315148004699536,0.717914008339128
322,0.7437710902478936,-0.7813510810764571,1.1847294090241134,1.9267931911645737,-1.2784659269996443,0.1441551055502141,-0.643834527394096,-0.8731521514867079
451,-0.8822610609355214,0.2742346412691743,-0.34182150324128224,0.07122100996820328,0.1902985244739624,-0.7110455756770736,-0.4993319564525244,-0.35750578359633806
234,-0.6321022684457652,-0.7813510810764571,0.4214539528914155,0.07122100996820328,-1.3823179589220205,-0.5526750791535018,-0.8795991713346004,-0.9351760021230316
462,-0.5070228722008872,1.3298203636148058,0.11614377043833642,-0.927933241445227,-1.1301058813962497,-0.5210009798487873,-0.8481241215916814,-0.7875063421429486
424,-1.5076580421599117,2.385406085960437,-1.2577520506005195,-0.642460598184247,1.213982839137385,-0.39430458262992996,-0.38833925525653745,0.7196443222174577
614,-0.006705287221374883,1.3298203636148058,0.268798861664876,0.9276389397511435,0.027102474310228386,-0.17258588749692932,0.1287372746556052,-0.16364241622511613
303,-1.3825786459150335,-0.7813510810764571,-0.34182150324128224,-0.927933241445227,-0.7443697628274236,-0.7427196749817878,-0.8570102940287438,-0.6600398864393472
637,-0.5070228722008872,-0.7813510810764571,-0.1891664120147427,0.35669365322918334,3.0388114000591386,-0.10923768888750066,1.0482238726565234,2.2465774314686313
219,-1.0073404571803994,2.385406085960437,-1.2577520506005195,-0.35698795492326685,-0.3289616351379187,0.8093111909492157,0.13947880177732938,0.35225046398593673
606,-0.7571816646906433,-0.7813510810764571,-1.1050969593739801,-0.7851969198147369,2.2821751674818267,-0.8377419728959309,0.37901221739592283,-0.10533043329968171
296,-0.7571816646906433,-0.7813510810764571,-0.7997867769209009,-1.070669563075717,-0.18060158953452413,-0.8694160722006453,-0.6184256693193052,-0.6342411901714683
21,1.494247467717162,-0.7813510810764571,1.3373845002506528,1.7840568695340837,-0.6850257445860658,-0.045889490278071966,-0.5406736398918969,-0.3775448714511049
420,1.3691680714722838,-0.7813510810764571,-1.1050969593739801,0.9276389397511435,0.6798866749651648,-0.7427196749817878,-0.019899596589696353,-0.4076977182160916
199,-0.5070228722008872,0.2742346412691743,-0.34182150324128224,-0.35698795492326685,1.91127505347334,-0.39430458262992996,1.276169898882505,0.3756238842440261
450,0.9939298827376497,-0.7813510810764571,2.5586252300629693,1.0703752613816335,-1.1301058813962497,6.257256271360085,0.15103847961348446,0.5800143407727506
137,0.6186916940030155,-0.7813510810764571,0.7267641353444947,-0.927933241445227,-0.6405177309050474,-0.5210009798487873,-0.29178691417025915,-0.7602184413076549
536,-0.13178468346625294,0.2742346412691743,0.11614377043833642,-0.2142516332927768,-1.2636299224393048,-0.5526750791535018,-0.7336087537308982,-0.9369539300249451
212,-0.7571816646906433,1.3298203636148058,-1.1050969593739801,0.21395733159869332,-0.8482217947497999,-0.45765278123935865,-0.7439590200674145,-0.6307765101574832
674,-1.3825786459150335,0.2742346412691743,-0.6471316856943614,-0.642460598184247,-0.9669098312325155,-0.7743937742865022,-0.7144858003789983,-0.8518507854747991
652,-0.6321022684457652,-0.7813510810764571,0.574109044117955,0.21395733159869332,-0.25478161233622143,-0.20425998680164376,-0.8153888558289529,0.040635252474692775
641,2.24472384518643,0.2742346412691743,1.1847294090241134,3.211420085838984,-0.6850257445860658,-0.014215390973357545,-0.04881198715934919,-0.6103713683909074
505,-0.8822610609355214,1.3298203636148058,-0.9524418681474405,-0.4997242765537569,1.4365229075424768,-0.45765278123935865,0.0761051113570839,0.5096300078960522
567,1.3691680714722838,0.2742346412691743,0.11614377043833642,2.497738477686534,-0.8778938038704788,-0.9327642708100741,-0.9185517227280418,-0.7794892887109776
231,2.4948826376761866,-0.7813510810764571,-0.7997867769209009,0.35669365322918334,-0.3289616351379187,-0.14091178819221506,-0.5567410642449819,-0.10187250704790707
405,1.869485656451796,0.2742346412691743,1.1847294090241134,0.7849026181206534,0.13095450623260452,0.8409852902539301,0.16883391745132345,1.1074929623678011
317,-1.5076580421599117,2.385406085960437,-1.2577520506005195,-0.927933241445227,-0.5218296944223317,-0.6793714763723592,-0.6192477788275157,-0.6301058615699807
183,-1.0073404571803994,-0.7813510810764571,0.268798861664876,-0.35698795492326685,-0.5515017035430106,-0.33095638402050115,-0.36694989246587106,-0.533319721460006
596,-1.2574992496701556,2.385406085960437,-1.1050969593739801,-1.070669563075717,-0.25478161233622143,-0.33095638402050115,-0.8406261661732984,-0.061262134876186314
594,-0.8822610609355214,-0.7813510810764571,-0.9524418681474405,-1.213405884706207,0.6798866749651648,-0.8377419728959309,0.35126899058915056,-0.7475970104886774
485,-0.13178468346625294,0.2742346412691743,-0.6471316856943614,0.21395733159869332,-0.6553537354653869,-0.6160232777629304,-0.5523534011393637,-0.6950723264014181
278,-0.6321022684457652,-0.7813510810764571,-1.2577520506005195,0.35669365322918334,-0.9669098312325155,-0.8694160722006453,-0.6336802213496652,-0.9306908286390403
20,0.4936122977581374,-0.7813510810764571,2.1006599563833506,-0.7851969198147369,-1.0410898540342128,0.23917740346435734,-0.16639344080235893,-0.8203431340103868
170,-0.7571816646906433,-0.7813510810764571,-0.1891664120147427,0.07122100996820328,-0.076749557612148,-0.7110455756770736,-0.5650730055529138,-0.4575837074077093
401,0.36853290151325935,0.2742346412691743,-0.6471316856943614,0.6421662964901634,-1.2784659269996443,0.36587380068321473,-0.6368881639089908,-0.8388862635355283
644,1.61932686396204,-0.7813510810764571,3.016590503742588,2.3550021560560435,0.2644785472756597,0.8093111909492157,1.9314927859666746,0.38061626527002584
566,0.36853290151325935,1.3298203636148058,0.574109044117955,1.3558479046426137,-0.6553537354653869,0.6192665951209295,-0.3380889662153517,-0.04088333278223148
176,-1.7578168346496679,-0.7813510810764571,-1.1050969593739801,-1.070669563075717,1.0507867889736513,-0.8377419728959309,-0.8235545277981456,0.005642659709663881
327,0.6186916940030155,-0.7813510810764571,-0.9524418681474405,-0.642460598184247,-0.9669098312325155,-0.39430458262992996,-0.3650932181832831,-0.8807379772015386
198,-0.13178468346625294,-0.7813510810764571,-0.03651132078820315,2.640474799317024,-0.49215768530165277,0.08080690694078556,-0.6651532916956945,-0.03186604716688602
470,-0.7571816646906433,1.3298203636148058,-0.1891664120147427,-0.4997242765537569,1.4216869029821377,-0.7743937742865022,-0.26468765115161963,0.005296191708265417
647,-1.0073404571803994,-0.7813510810764571,-0.34182150324128224,-0.35698795492326685,-0.7888777765084419,-0.045889490278071966,-0.3458475422242187,-0.5789018756829843
266,-0.13178468346625294,-0.7813510810764571,-1.2577520506005195,-1.070669563075717,-0.4476496716206344,-0.7427196749817878,-0.8046354523258904,-0.5450165622323664
492,-0.8822610609355214,-0.7813510810764571,-1.2577520506005195,-0.927933241445227,3.4245475186279646,-0.5210009798487873,0.5788917153231395,1.384907459733197
130,-1.1324198534252774,2.385406085960437,-1.1050969593739801,-0.2142516332927768,-1.0855978677152311,-0.5526750791535018,-0.7227240502341487,-0.8331138229742162
338,-0.8822610609355214,1.3298203636148058,-0.34182150324128224,-0.07151531166228677,1.4216869029821377,0.08080690694078556,2.749573561707641,0.2678642312944352
592,-0.6321022684457652,2.385406085960437,-0.1891664120147427,0.21395733159869332,0.8134107160082197,-0.45765278123935865,-0.7543112658008205,0.509153867660212
489,1.869485656451796,0.2742346412691743,1.0320743177975737,3.211420085838984,-1.3526459498013417,0.49257019790207207,-0.6195935134842592,-0.9274321383724753
572,0.7437710902478936,-0.7813510810764571,2.2533150476098904,-0.927933241445227,0.5166906248014305,1.4744672763482172,-0.5499570113048365,3.0240111040336375
193,-0.5070228722008872,-0.7813510810764571,-1.1050969593739801,-0.35698795492326685,-1.144941885956589,-0.7427196749817878,-0.7454435677347289,-0.9086094030918191
140,-1.3825786459150335,-0.7813510810764571,-1.2577520506005195,-0.927933241445227,0.8579187296892381,-0.9010901715053597,-0.2628402140545173,-0.4684126897360208
416,-0.5070228722008872,-0.7813510810764571,-1.1050969593739801,-1.070669563075717,-0.8482217947497999,1.5630560849864024e-16,-0.7851106814053708,-0.7008906925457616
476,-1.2574992496701556,-0.7813510810764571,-0.7997867769209009,-0.927933241445227,0.9024267433702566,-0.8377419728959309,-0.6960378213665042,-0.12040483055351175
152,0.11837410902350319,-0.7813510810764571,-0.6471316856943614,0.21395733159869332,0.9024267433702566,-0.6793714763723592,-0.05269028546533774,-0.17445721565278552
625,0.8688504864927716,2.385406085960437,1.0320743177975737,-0.07151531166228677,-0.981745835792855,4.483506710296082,0.6577271346482056,0.4571147790758875
10,-1.0073404571803994,-0.7813510810764571,-1.2577520506005195,-1.070669563075717,-1.2636299224393048,-0.9010901715053597,-0.8079186119670267,-0.9620694832452322
269,0.4936122977581374,-0.7813510810764571,1.642694682703732,1.0703752613816335,-0.9669098312325155,0.01745870833135672,-0.32412893975088997,-0.7392757000691235
96,0.8688504864927716,-0.7813510810764571,0.7267641353444947,-1.213405884706207,-1.0262538494738733,1.1894003826057882,-0.06062766699324567,-0.5226035269606097
210,0.6186916940030155,1.3298203636148058,1.1847294090241134,-0.35698795492326685,0.2793145518359991,2.2663197589660764,0.13666805819388064,3.2024259157245685
692,-0.13178468346625294,-0.7813510810764571,-1.2577520506005195,2.497738477686534,2.7717633179730288,1.5630560849864024e-16,0.8890493521691422,0.7125437543174512
569,2.3698032414313084,-0.7813510810764571,1.4900395914771924,3.639629050730454,-0.25478161233622143,2.2029715603566475,1.2454338239784268,1.167362025170866
548,0.24345350526838125,0.2742346412691743,-0.6471316856943614,0.35669365322918334,1.7035709896285873,-0.7743937742865022,-0.8137987403275184,0.41465522681093275
659,0.8688504864927716,0.2742346412691743,0.574109044117955,0.07122100996820328,0.7095586840858435,0.3341997013785003,0.7427659838257564,0.9383588330184257
532,1.7444062602069181,0.2742346412691743,-0.9524418681474405,0.6421662964901634,0.991442770732293,-0.7743937742865022,-0.6785663448196213,0.021262085573881158
651,0.36853290151325935,-0.7813510810764571,-0.6471316856943614,0.07122100996820328,0.5018546202410911,-0.8060678735912165,-0.10656814920647677,-0.5402889286850182
332,-0.8822610609355214,2.385406085960437,-0.9524418681474405,-0.642460598184247,-1.144941885956589,-0.10923768888750066,-0.6253601564230717,-0.8012245839449107
75,1.494247467717162,-0.7813510810764571,0.7267641353444947,2.3550021560560435,2.0151270853957164,0.20750330415964294,1.5383212229613379,1.8441214167213131
77,-0.7571816646906433,-0.7813510810764571,-1.1050969593739801,0.07122100996820328,-0.5218296944223317,-0.8694160722006453,-0.8246313197061711,-0.6607402515805758
263,2.1196444489415525,-0.7813510810764571,0.11614377043833642,0.35669365322918334,1.3326708756201007,-0.6476973770676447,-0.39931831000503193,0.29302267090475903
149,-0.5070228722008872,-0.7813510810764571,-0.03651132078820315,-0.642460598184247,-0.3289616351379187,-0.014215390973357545,0.20735891911657806,-0.3848821587165892
650,2.24472384518643,-0.7813510810764571,-0.34182150324128224,-0.2142516332927768,-0.56633770810335,-0.5526750791535018,-0.536134223024731,-0.609496080808427
514,0.8688504864927716,0.2742346412691743,0.8794192265710342,-1.070669563075717,-0.239945607775882,0.11248100624549998,-0.13575765534069492,-0.0039591640250002565
656,-0.5070228722008872,-0.7813510810764571,0.574109044117955,0.07122100996820328,-0.5366656989826712,-0.6476973770676447,-0.6367509257246347,-0.6066270826214077
469,-1.7578168346496679,0.2742346412691743,-0.9524418681474405,-1.213405884706207,-0.8482217947497999,-0.7743937742865022,-0.7365362817308423,-0.786535151137079
564,-0.7571816646906433,1.3298203636148058,-0.1891664120147427,-0.927933241445227,0.5018546202410911,1.252748581215217,3.6318738901397403,0.5315223281013793
461,-1.7578168346496679,0.2742346412691743,-1.2577520506005195,-0.927933241445227,0.338658570077357,-0.7427196749817878,-0.6061929965406342,-0.2707334467158678
253,-0.006705287221374883,0.2742346412691743,-1.1050969593739801,-1.070669563075717,-0.34379763969825816,-0.7427196749817878,-0.6842425953004686,-0.5569940218245729
369,1.3691680714722838,1.3298203636148058,2.1006599563833506,-0.642460598184247,-1.174613895077268,1.727860070785932,-0.38298234747390375,-0.5024891346571959
321,-1.0073404571803994,1.3298203636148058,-0.7997867769209009,-0.642460598184247,0.1161185016722651,0.01745870833135672,-0.7356455531304535,0.5806458175394318
151,0.9939298827376497,-0.7813510810764571,0.7267641353444947,2.069529512795064,-0.6108457217843686,0.9993557867775019,0.4909563486969174,-0.15316868178907672
302,1.494247467717162,-0.7813510810764571,2.1006599563833506,1.4985842262731037,-0.6998617491464052,1.1577262833010737,0.06517884052564943,0.0036246355611673532
190,-1.0073404571803994,0.2742346412691743,-0.6471316856943614,-0.7851969198147369,0.44251060199973313,-0.7110455756770736,-0.21173482555695836,-0.37840395000428023
586,-1.0073404571803994,0.2742346412691743,-0.03651132078820315,-0.642460598184247,-0.49215768530165277,-0.20425998680164376,-0.6878708297993851,-0.22994342446934787
348,-0.7571816646906433,0.2742346412691743,-0.7997867769209009,-0.07151531166228677,-1.1301058813962497,-0.9327642708100741,-0.8315869203767616,-0.9101087383025495
243,2.3698032414313084,1.3298203636148058,1.9480048651568111,1.6413205479035937,0.6205426567238068,2.3296679575755044,5.406046910362782,1.5037399058268979
87,0.24345350526838125,1.3298203636148058,-0.49447659446782183,1.2131115830121235,2.133815121878432,-0.4893268805440729,-0.0010596969930312076,0.9421922684491041
634,0.24345350526838125,1.3298203636148058,0.574109044117955,-0.07151531166228677,-0.9075658129911578,1.2210744819105026,-0.7172820283852556,0.04884377506533139
418,-0.3819434759560091,0.2742346412691743,0.4214539528914155,-0.642460598184247,2.0151270853957164,0.39754789998792917,2.660944086572079,1.7517765506409622
288,-0.006705287221374883,-0.7813510810764571,1.1847294090241134,0.9276389397511435,-1.0114178449135338,-0.26760818541107245,-0.810431126419086,-0.6393044857006782
166,-1.6327374384047897,-0.7813510810764571,-0.6471316856943614,-0.927933241445227,0.7985747114478803,-0.6476973770676447,0.15117571779784064,-0.280485203971605
595,-0.006705287221374883,-0.7813510810764571,0.268798861664876,1.0703752613816335,-0.6701897400257263,1.5630560849864024e-16,-0.7845999970078146,-0.31517455281338275
654,0.11837410902350319,-0.7813510810764571,0.4214539528914155,-0.927933241445227,3.3058594821452494,-0.3626304833252155,-0.09333126240573797,2.2020552802245903
155,0.11837410902350319,1.3298203636148058,0.7267641353444947,-0.7851969198147369,1.3326708756201007,-0.17258588749692932,0.919435073823734,0.5906204489481155
356,0.4936122977581374,-0.7813510810764571,-0.9524418681474405,0.9276389397511435,1.91127505347334,-0.7110455756770736,0.33577823052994665,0.07686108221935876
381,1.61932686396204,-0.7813510810764571,0.7267641353444947,1.6413205479035937,3.053647404619478,0.1758292048549285,3.105539061175261,2.1435508150761566
279,0.4936122977581374,-0.7813510810764571,0.7267641353444947,-1.070669563075717,-0.19543759409486353,-0.20425998680164376,0.3234980522259217,-0.49092365455982967
126,0.4936122977581374,0.2742346412691743,-0.1891664120147427,-0.927933241445227,0.41283859287905433,0.7459629923397871,-0.2575882143070404,1.6495806470003789
22,-0.8822610609355214,-0.7813510810764571,-0.7997867769209009,-0.35698795492326685,-0.03224154393112951,-0.584349178458216,-0.6435706078087956,-0.26004561801775566
616,-0.8822610609355214,-0.7813510810764571,-1.2577520506005195,-0.7851969198147369,-0.8037137810687816,-0.45765278123935865,-0.8485305577530439,-0.5468643915731585
282,-0.5070228722008872,-0.7813510810764571,-0.03651132078820315,-0.7851969198147369,0.3534945746376964,-0.10923768888750066,-0.8397182827998654,0.7068513458383335
471,-1.3825786459150335,2.385406085960437,-1.2577520506005195,-0.7851969198147369,-0.5366656989826712,-0.4893268805440729,-0.5393804339239252,-0.5450246667470189
367,0.4936122977581374,0.2742346412691743,1.4900395914771924,0.07122100996820328,-1.204285904197947,-0.014215390973357545,-0.6856974520144367,-0.8044501807766443
25,-1.2574992496701556,2.385406085960437,-1.2577520506005195,-0.927933241445227,1.0952948026546698,1.5630560849864024e-16,0.4837355088430997,0.1868643349752769
196,-1.3825786459150335,-0.7813510810764571,-1.1050969593739801,-1.213405884706207,-0.6405177309050474,-0.8377419728959309,-0.7706808780790744,-0.7143543175123883
64,-0.13178468346625294,0.2742346412691743,-0.49447659446782183,-0.2142516332927768,-0.3586336442585977,-0.5210009798487873,-0.2525104014858617,-0.600670264351749
15,0.11837410902350319,0.2742346412691743,0.11614377043833642,-0.35698795492326685,-0.239945607775882,0.1441551055502141,-0.3889436311068753,0.15466374750806758
297,-0.13178468346625294,-0.7813510810764571,-1.2577520506005195,0.21395733159869332,1.0211147798529725,-0.7743937742865022,0.42331111978858565,-0.5291762883438658
621,1.2440886752274058,0.2742346412691743,-0.9524418681474405,1.4985842262731037,-0.7146977537067447,-0.4893268805440729,-0.635931455412277,-0.6131248772441272
336,0.11837410902350319,0.2742346412691743,-0.1891664120147427,1.0703752613816335,0.7689027023272014,-0.045889490278071966,0.8193356535110192,0.3494138838575278
26,1.2440886752274058,0.2742346412691743,0.11614377043833642,2.497738477686534,-0.5218296944223317,0.7776370916445012,-0.4616514974602307,0.3299904014282481
588,0.24345350526838125,-0.7813510810764571,0.11614377043833642,-0.07151531166228677,-0.6998617491464052,0.39754789998792917,-0.032692438688167194,-0.39203270445695343
43,0.4936122977581374,-0.7813510810764571,1.642694682703732,-0.4997242765537569,0.42767459743939373,0.11248100624549998,0.3453466350950106,0.47921579053351915
497,1.1190092789825277,0.2742346412691743,0.574109044117955,-0.4997242765537569,0.41283859287905433,1.3160967798246455,0.04536507765922611,2.2847179527999733
515,1.7444062602069181,0.2742346412691743,0.4214539528914155,-1.070669563075717,0.7095586840858435,0.20750330415964294,-0.5699700334581618,1.4076102314037835
669,0.11837410902350319,1.3298203636148058,0.268798861664876,-0.642460598184247,0.41283859287905433,-0.045889490278071966,-0.29395633316142794,0.5707076564466852
561,0.4936122977581374,0.2742346412691743,0.11614377043833642,0.4994299748596734,-0.5366656989826712,-0.39430458262992996,0.015056552483334405,-0.7619257923944686
454,0.24345350526838125,2.385406085960437,-1.1050969593739801,0.7849026181206534,0.8727547342495778,-0.3626304833252155,0.8489546887703135,-0.10777900978909759
387,1.3691680714722838,3.4409918083060687,1.0320743177975737,-1.213405884706207,-1.0559258585945523,2.58306075201322,-0.6139245207920077,0.16580205214561985
71,-0.8822610609355214,0.2742346412691743,-0.49447659446782183,0.07122100996820328,2.0151270853957164,-0.33095638402050115,1.116532859321885,0.6937085245767056
542,-0.6321022684457652,0.2742346412691743,0.574109044117955,0.07122100996820328,1.4661949166631563,0.7459629923397871,0.9564497956621077,2.658588668991361
456,0.24345350526838125,3.4409918083060687,0.11614377043833642,1.0703752613816335,-0.6405177309050474,4.198439816553653,-0.34266599162342304,2.2344378815833728
633,-1.5076580421599117,-0.7813510810764571,-1.1050969593739801,-1.213405884706207,-0.26961761689656083,-0.7427196749817878,-0.12991447572214523,-0.8052444232125988
431,1.869485656451796,-0.7813510810764571,0.4214539528914155,-0.4997242765537569,-0.8037137810687816,-0.26760818541107245,-0.37765579044357944,-0.6906060634516162
627,0.6186916940030155,-0.7813510810764571,-0.7997867769209009,0.6421662964901634,-0.49215768530165277,-0.6793714763723592,-0.6581877940406553,-0.59464253157888
653,-0.8822610609355214,1.3298203636148058,-0.9524418681474405,-1.213405884706207,-0.12125757129316622,-0.7743937742865022,-0.7745275060348269,-0.4361567214186854
264,0.4936122977581374,-0.7813510810764571,0.11614377043833642,-0.35698795492326685,-0.7740417719481025,-0.2992822847157869,-0.7747716316512298,-0.47993123118602415
209,-1.1324198534252774,0.2742346412691743,-0.34182150324128224,-1.213405884706207,-1.2339579133186258,-0.2992822847157869,-0.8717389862853929,-0.7966944979422196
316,0.4936122977581374,-0.7813510810764571,1.1847294090241134,-0.642460598184247,1.4513589121028165,0.23917740346435734,1.8164238467757243,1.114885292795301
513,-0.5070228722008872,-0.7813510810764571,-0.34182150324128224,0.07122100996820328,-0.28445362145690023,-0.7427196749817878,-0.44762747049633356,-0.6497289176725809
313,0.8688504864927716,-0.7813510810764571,-0.34182150324128224,0.07122100996820328,0.20513452903430182,-0.4259786819346442,-0.2521382748705882,-0.12404510838496993
534,0.8688504864927716,-0.7813510810764571,-0.9524418681474405,1.0703752613816335,-0.076749557612148,-0.45765278123935865,0.04318774108049842,-0.5068483504759614
319,-1.0073404571803994,1.3298203636148058,-0.6471316856943614,-1.070669563075717,-1.0559258585945523,-0.14091178819221506,-0.7409833267431531,-0.669445175693686
7,-0.13178468346625294,-0.7813510810764571,0.574109044117955,0.35669365322918334,-0.981745835792855,-0.20425998680164376,-0.8434949720655133,-0.5737551711904748
393,2.24472384518643,2.385406085960437,-0.49447659446782183,2.925947442578004,1.0507867889736513,1.0627039853869307,3.6479703456472077,1.2222984777434933
141,-1.0073404571803994,-0.7813510810764571,0.11614377043833642,-0.35698795492326685,1.1249668117753486,0.01745870833135672,0.9531164912997642,0.7496553399760235
86,-0.7571816646906433,0.2742346412691743,-0.49447659446782183,-0.642460598184247,0.3238225655170176,-0.26760818541107245,1.3749180509184824,-0.6636666567463844
478,1.9945650526966743,0.2742346412691743,2.8639354125160486,1.7840568695340837,0.1902985244739624,3.8500247242017944,-0.3867306653841319,5.176979473753319
503,0.36853290151325935,-0.7813510810764571,-0.7997867769209009,1.4985842262731037,0.665050670404825,-0.6793714763723592,-0.3795678878390806,-0.13142899660970675
215,-0.13178468346625294,1.3298203636148058,0.574109044117955,-0.07151531166228677,-0.5218296944223317,0.08080690694078556,-0.07024687607847992,-0.36808453903475075
580,-0.256864079711131,0.2742346412691743,-0.9524418681474405,0.07122100996820328,-0.8482217947497999,-0.2359340861063582,-0.3779586381677117,-0.711725415571952
562,1.494247467717162,1.3298203636148058,2.2533150476098904,0.35669365322918334,-0.9224018175514972,2.234645659661362,-0.49735915755240423,0.3404989177396714
398,-1.1324198534252774,0.2742346412691743,-1.2577520506005195,-0.2142516332927768,-0.13609357585350562,-0.5210009798487873,-0.08989898819890685,-0.5420665188988211
668,-0.006705287221374883,-0.7813510810764571,-0.1891664120147427,0.7849026181206534,-0.7888777765084419,-0.4893268805440729,-0.7539510155668856,-0.6016867055644288
490,-0.256864079711131,-0.7813510810764571,0.7267641353444947,0.6421662964901634,-0.981745835792855,-0.07756358958278622,-0.7776998194501371,-0.5588023416564336
252,-0.13178468346625294,0.2742346412691743,0.7267641353444947,-0.7851969198147369,-1.2339579133186258,1.9179046666142183,0.007548700080502781,-0.7975927483162158
468,-0.7571816646906433,0.2742346412691743,-0.34182150324128224,0.21395733159869332,1.213982839137385,0.6509406944256438,0.3815986293318663,2.376028817885898
357,-1.3825786459150335,0.2742346412691743,-1.2577520506005195,-0.927933241445227,0.8727547342495778,-0.9327642708100741,-0.7164157123465071,-0.2852354626223582
254,0.36853290151325935,-0.7813510810764571,-0.49447659446782183,0.6421662964901634,-0.18060158953452413,-0.7427196749817878,-0.6315490706983649,-0.5059568538641758
276,-1.1324198534252774,0.2742346412691743,-0.9524418681474405,-0.35698795492326685,0.5018546202410911,-0.6476973770676447,0.11184114280467716,-0.4224438826264914
178,0.24345350526838125,-0.7813510810764571,0.7267641353444947,-0.4997242765537569,-0.19543759409486353,-0.6476973770676447,-0.5309086152357841,-0.4743938215496374
281,-0.13178468346625294,-0.7813510810764571,1.0320743177975737,-0.927933241445227,2.148651126438771,-0.17258588749692932,1.95721306915212,0.7838219476227086
390,0.6186916940030155,-0.7813510810764571,2.1006599563833506,-0.642460598184247,-0.981745835792855,1.601163673567075,-0.5108850362990469,-0.05105044641391417
508,-0.8822610609355214,0.2742346412691743,-1.1050969593739801,-0.642460598184247,0.665050670404825,-0.9010901715053597,-0.5496891329257568,-0.3918412352982858
583,0.24345350526838125,1.3298203636148058,1.1847294090241134,0.7849026181206534,3.9141356691191675,0.1758292048549285,3.9013885706484532,2.7155269366831805
129,0.7437710902478936,0.2742346412691743,1.642694682703732,-0.927933241445227,-0.6553537354653869,0.7459629923397871,0.06571855607758881,-0.16921021779145015
144,0.7437710902478936,-0.7813510810764571,1.1847294090241134,1.2131115830121235,-0.7146977537067447,0.7459629923397871,-0.6327604615948934,0.09642335446206458
645,-1.5076580421599117,0.2742346412691743,-1.2577520506005195,-1.070669563075717,-0.9372378221118366,-0.07756358958278622,-0.2561129038252114,-0.7832041956148617
72,1.494247467717162,-0.7813510810764571,2.711280321289509,1.7840568695340837,0.3831665837583755,1.7595341700906462,2.0951229288528888,1.7826973001692819
235,-1.3825786459150335,-0.7813510810764571,-0.1891664120147427,-1.213405884706207,-0.5515017035430106,-0.8377419728959309,-0.5809556861962886,-0.7749862177571285
37,-0.3819434759560091,0.2742346412691743,0.574109044117955,-1.070669563075717,0.6205426567238068,1.5630560849864024e-16,1.1803354190682438,0.554344641363092
